,smiles,activity,type,value (nM),pIC50
0,C[C@H](C(=O)N1CCC2=C(C1)N=C(C(=N2)NCC(F)F)N3CCC(CC3)OC4=C(C=C(C=C4)F)F)OC,Active,IC50,0.0066,11.18045606445813
1,C[C@@H](C(=O)N1CCC2=C(C1)N=C(C(=N2)NCC(F)F)N3CCC(CC3)OC4=C(C=C(C=C4)F)F)OC,Active,IC50,0.0083,11.080921907623926
2,CC(C)NC1=NC2=C(CN(CC2)C(=O)C)N=C1N3CCC(CC3)C(C4=C(C=C(C=C4)F)F)F,Active,IC50,0.0085,11.070581074285707
3,CC(C)NC1=NC2=C(CN(CC2)C)N=C1N3CCC(CC3)C(=O)C4=C(C=CC(=C4)Cl)F,Active,IC50,0.0088,11.05551732784983
4,CN(C)C(=O)N1CCC2=C(C1)N=C(C(=N2)NCC(F)F)N3CCC(CC3)OC4=C(C=C(C=C4)F)F,Active,IC50,0.0091,11.040958607678906
5,CN1CCC2=C(C1)N=C(C(=N2)NC3CC3)N4CCC(CC4)C(C5=C(C=C(C=C5)F)F)F,Active,IC50,0.0094,11.0268721464003
6,CC(C)NC1=NC2=C(CN(CC2)C(=O)C)N=C1N3CCC(CC3)OC4=C(C=C(C=C4)F)F,Active,IC50,0.0095,11.022276394711152
7,CC(C)NC1=NC2=C(CN(CC2)C(=O)C)N=C1N3CCC(CC3)C(=O)C4=C(C=CC(=C4)Cl)F,Active,IC50,0.0098,11.008773924307505
8,CC(C)NC1=NC2=C(CCN(C2)C(=O)N(C)C)N=C1N3CCC(CC3)OC4=C(C=C(C=C4)F)F,Active,IC50,0.0104,10.98296666070122
9,CC1CC2=C(CN1S(=O)(=O)C)N=C(C(=N2)NCC(F)F)N3CCC(CC3)OC4=C(C=C(C=C4)F)F,Active,IC50,0.0104,10.98296666070122
10,CC(C)NC1=NC2=C(CCN(C2)C=O)N=C1N3CCC(CC3)[C@@H](C4=C(C=C(C=C4)F)F)F,Active,IC50,0.0114,10.943095148663527
11,CC(=O)N1CCC2=C(C1)N=C(C(=N2)NCC(F)F)N3CCC(CC3)OC4=C(C=C(C=C4)F)F,Active,IC50,0.0115,10.939302159646388
12,CC(=O)N1CCC2=C(C1)N=C(C(=N2)NC3CCC3)N4CCC(CC4)OC5=C(C=C(C=C5)OC)F,Active,IC50,0.012,10.920818753952375
13,CC(C)NC1=NC2=C(CCN(C2)C(=O)C)N=C1N3CCC(CC3)C(C4=C(C=C(C=C4)F)F)F,Active,IC50,0.0134,10.872895201635192
14,CC(C)NC1=NC2=C(CCN(C2)C)N=C1N3CCC(CC3)C(=O)C4=C(C=CC(=C4)Cl)F,Active,IC50,0.0137,10.863279432843594
15,CC1CN(CC2=C1N=C(C(=N2)N3CCC(CC3)OC4=C(C=C(C=C4)F)F)NC(C)C)C(=O)N(C)C,Active,IC50,0.0138,10.860120913598763
16,CC(C)NC1=NC2=C(CCN(C2)C(=O)C)N=C1N3CCC(CC3)C(=O)C4=C(C=CC(=C4)Cl)F,Active,IC50,0.0138,10.860120913598763
17,CN(C)C(=O)N1CCC2=C(C1)N=C(C(=N2)NC3CCC3)N4CCC(CC4)OC5=C(C=C(C=C5)OC)F,Active,IC50,0.0138,10.860120913598763
18,CC(C)NC1=NC2=C(CN(CC2)C(=O)NCCOC)N=C1N3CCC(CC3)OC4=C(C=C(C=C4)F)F,Active,IC50,0.0149,10.826813731587727
19,CN1CCC2=C(C1)N=C(C(=N2)NC3CC3)N4CCC(CC4)[C@@H](C5=C(C=C(C=C5)F)F)F,Active,IC50,0.0152,10.818156412055227
20,CC(C)NC1=NC2=C(CN(CC2)C(=O)N(C)C)N=C1N3CCC(CC3)OC4=C(C=C(C=C4)OC)F,Active,IC50,0.0166,10.779891911959945
21,CC(C)NC1=NC2=C(CCN(C2)C(=O)C(C)OC)N=C1N3CCC(CC3)OC4=C(C=C(C=C4)F)F,Active,IC50,0.0168,10.774690718274137
22,CC(C)NC1=NC2=C(CN(CC2)C)N=C1N3CCC(CC3)C(C4=C(C=C(C=C4)F)F)F,Active,IC50,0.0171,10.767003889607846
23,CC(C)NC1=NC2=C(CN(CC2)C(=O)COC)N=C1N3CCC(CC3)OC4=C(C=C(C=C4)F)F,Active,IC50,0.0173,10.761953896871205
24,CC(C)NC1=NC2=C(CCN(C2)C(=O)C3CCCO3)N=C1N4CCC(CC4)OC5=C(C=C(C=C5)F)F,Active,IC50,0.0179,10.747146969020108
25,CC(C)NC1=NC2=C(CN(CC2)C(=O)CC#N)N=C1N3CCC(CC3)OC4=C(C=C(C=C4)F)F,Active,IC50,0.018,10.744727494896694
26,CC1CC2=C(CN1C(=O)[C@@H](C)OC)N=C(C(=N2)NCC(F)F)N3CCC(CC3)OC4=C(C=C(C=C4)F)F,Active,IC50,0.0185,10.732828271596986
27,CC(C)NC1=NC2=C(CN(CC2)C(=O)C3CCCO3)N=C1N4CCC(CC4)OC5=C(C=C(C=C5)F)F,Active,IC50,0.0195,10.709965388637482
28,CC(C)NC1=NC2=C(CCN(C2)C(=O)N(C)C)N=C1N3CCC(CC3)C(C4=C(C=C(C=C4)F)F)F,Active,IC50,0.0197,10.705533773838408
29,CC(=O)N1CCC2=C(C1)N=C(C(=N2)N3CCC(CC3)OC4=C(C=C(C=C4)OC)F)NC5CCC5,Active,IC50,0.0199,10.701146923590294
30,CC1CC2=C(CN1C(=O)[C@H](C)OC)N=C(C(=N2)NCC(F)F)N3CCC(CC3)OC4=C(C=C(C=C4)F)F,Active,IC50,0.0209,10.679853713888946
31,CC1CC2=C(CN1C(=O)C(F)F)N=C(C(=N2)NCC(F)F)N3CCC(CC3)OC4=C(C=C(C=C4)F)F,Active,IC50,0.0221,10.655607726314889
32,CC1CC2=C(CN1C(=O)COC)N=C(C(=N2)NCC(F)F)N3CCC(CC3)OC4=C(C=C(C=C4)F)F,Active,IC50,0.023,10.638272163982407
33,CC1CC2=C(CN1C)N=C(C(=N2)NCC(F)F)N3CCC(CC3)OC4=C(C=C(C=C4)F)F,Active,IC50,0.0232,10.6345120151091
34,CC(C)NC1=NC2=C(CCN(C2)C=O)N=C1N3CCC(CC3)[C@H](C4=C(C=C(C=C4)F)F)F,Active,IC50,0.0236,10.627087997029893
35,CC(C)NC1=NC2=C(CN(CC2)C(=O)N(C)C)N=C1N3CCC(CC3)C(C4=C(C=C(C=C4)F)F)F,Active,IC50,0.0237,10.625251653989896
36,CC1CC2=C(CN1C(=O)C3CC3)N=C(C(=N2)NCC(F)F)N4CCC(CC4)OC5=C(C=C(C=C5)F)F,Active,IC50,0.0239,10.621602099051863
37,CC(C)NC1=NC2=C(CCN(C2)C(=O)C)N=C1N3CCC(CC3)OC4=C(C=C(C=C4)F)F,Active,IC50,0.0246,10.60906489289662
38,CC(C)NC1=NC2=C(CN(CC2)C(=O)N(C)C)N=C1N3CCC(CC3)C(=O)C4=C(C=CC(=C4)Cl)F,Active,IC50,0.0249,10.603800652904264
39,CC1CC2=C(CN1C(=O)C)N=C(C(=N2)NCC(F)F)N3CCC(CC3)OC4=C(C=C(C=C4)F)F,Active,IC50,0.0249,10.603800652904264
40,CN1CCC2=C(C1)N=C(C(=N2)NC3CC3)N4CCC(CC4)[C@H](C5=C(C=C(C=C5)F)F)F,Active,IC50,0.0265,10.576754126063193
41,CC(C)NC1=NC2=C(CN(CC2)C)N=C1N3CCC(CC3)OC4=C(C=C(C=C4)OC)F,Active,IC50,0.0266,10.575118363368933
42,CN(C)C(=O)N1CCC2=C(C1)N=C(C(=N2)N3CCC(CC3)OC4=C(C=C(C=C4)F)F)NCC(F)F,Active,IC50,0.0269,10.570247719997592
43,CC(C)NC1=NC2=C(CCN(C2)C(=O)C)N=C1N3CCN(CC3)CC4=C(C=C(C=C4)F)F,Active,IC50,0.027,10.568636235841012
44,CC(C)NC1=NC2=C(CCN(C2)C(=O)C)N=C1N3CCC(CC3)[C@@H](C4=C(C=C(C=C4)F)F)F,Active,IC50,0.0274,10.562249437179613
45,CCC(=O)N1CCC2=C(C1)N=C(C(=N2)N3CCC(CC3)OC4=C(C=C(C=C4)F)F)NC(C)C,Active,IC50,0.0276,10.559090917934782
46,CC(C)NC1=NC2=C(CCN(C2)S(=O)(=O)C)N=C1N3CCN(CC3)CC4=C(C=C(C=C4)F)F,Active,IC50,0.0279,10.554395796726402
47,CC(C)C(=O)N1CCC2=C(C1)N=C(C(=N2)N3CCN(CC3)CC4=C(C=C(C=C4)F)F)NC(C)C,Active,IC50,0.029,10.537602002101044
48,CC(C)NC1=NC2=C(CCN(C2)C(=O)NCCOC)N=C1N3CCC(CC3)OC4=C(C=C(C=C4)F)F,Active,IC50,0.0298,10.525783735923746
49,CC(C)NC1=NC2=C(CCN(C2)C)N=C1N3CCC(CC3)C(C4=C(C=C(C=C4)F)F)F,Active,IC50,0.0303,10.518557371497694
50,CCC(=O)N1CCC2=C(C1)N=C(C(=N2)N3CCN(CC3)CC4=C(C=C(C=C4)F)F)NC(C)C,Active,IC50,0.0309,10.510041520575164
51,CC1CC2=C(CN1C(=O)N(C)C)N=C(C(=N2)NCC(F)F)N3CCC(CC3)OC4=C(C=C(C=C4)F)F,Active,IC50,0.0314,10.503070351926786
52,CN(C)C(=O)N1CCC2=C(C1)N=C(C(=N2)N3CCC(CC3)OC4=C(C=C(C=C4)OC)F)NC5CCC5,Active,IC50,0.0325,10.488116639021126
53,CC(C)NC1=NC2=C(CCN(C2)C(=O)N(C)C)N=C1N3CCC(CC3)C(=O)C4=C(C=CC(=C4)Cl)F,Active,IC50,0.0327,10.485452247339714
54,CC(C)NC1=NC2=C(CCN(C2)C(=O)C)N=C1N3CCC(CC3)OC4=C(C=C(C=C4)F)F,Active,IC50,0.0337,10.47237009912866
55,CC(C)NC1=NC2=C(CCN(C2)C(=O)N(C)C)N=C1N3CCC(CC3)OC4=C(C=C(C=C4)OC)F,Active,IC50,0.035,10.455931955649724
56,CC(=O)N1CCC2=C(C1)N=C(C(=N2)N3CCC(CC3)OC4=C(C=C(C=C4)F)F)NC5CC(C5)(F)F,Active,IC50,0.0359,10.44490555142168
57,CC(C)NC1=NC2=C(CCN(C2)C(=O)C)N=C1N3CCC([C@@H](C3)F)OC4=C(C=C(C=C4)F)F,Active,IC50,0.0378,10.422508200162774
58,CC(C)NC1=NC2=C(CCN(C2)C(=O)C3=CC=NO3)N=C1N4CCC(CC4)OC5=C(C=C(C=C5)F)F,Active,IC50,0.0387,10.41228903498109
59,CCC(=O)N1CCC2=C(C1)N=C(C(=N2)N3CCC(CC3)OC4=C(C=C(C=C4)F)F)N[C@H]5CCOC5,Active,IC50,0.0392,10.406713932979542
60,CC(C)NC1=NC2=C(CN(CC2)C=O)N=C1N3CCC(CC3)OC4=C(C=C(C=C4)F)F,Active,IC50,0.0432,10.364516253185087
61,CC(=O)N1CCC2=C(C1)N=C(C(=N2)N3CCN(CC3)CC4=C(C=C(C=C4)F)F)NC5CCC5,Active,IC50,0.0437,10.359518563029578
62,CS(=O)(=O)N1CCC2=C(C1)N=C(C(=N2)N3CCC(CC3)OC4=C(C=C(C=C4)F)F)NC5CCC5,Active,IC50,0.0493,10.30715308072277
63,CC(=O)N1CCC2=C(C1)N=C(C(=N2)N3CCC(CC3)OC4=C(C=C(C=C4)F)F)NCC(F)F,Active,IC50,0.0497,10.303643611266669
64,CC1C2=C(CCN1S(=O)(=O)C)N=C(C(=N2)N3CCC(CC3)OC4=C(C=C(C=C4)F)F)NCC(F)F,Active,IC50,0.052,10.2839966563652
65,CC(=O)N1CCC2=C(C1)N=C(C(=N2)N3CCC(CC3)OC4=C(C=C(C=C4)F)F)NC5CCC5,Active,IC50,0.055,10.259637310505756
66,CC(C)NC1=NC2=C(CCN(C2)C(=O)CC#N)N=C1N3CCC(CC3)OC4=C(C=C(C=C4)F)F,Active,IC50,0.0552,10.2580609222708
67,CS(=O)(=O)N1CCC2=C(C1)N=C(C(=N2)N3CCC(CC3)OC4=C(C=C(C=C4)F)F)NCC(F)F,Active,IC50,0.0572,10.242603971206975
68,CC(=O)N1CCC2=C(C1)N=C(C(=N2)N3CCC(CC3)OC4=C(C=C(C=C4)F)F)N[C@H]5CCOC5,Active,IC50,0.0587,10.231361898752386
69,CCC(=O)N1CCC2=C(C1)N=C(C(=N2)N3CCN(CC3)CC4=C(C=C(C=C4)F)F)N[C@H]5CCOC5,Active,IC50,0.0591,10.228412519118745
70,CC1C2=C(CCN1S(=O)(=O)C)N=C(C(=N2)NC(C)C)N3CCC(CC3)OC4=C(C=C(C=C4)F)F,Active,IC50,0.0593,10.226945306635738
71,CC(C)NC1=NC2=C(CN(CC2)C)N=C1N3CCC(CC3)OC4=C(C=C(C=C4)F)F,Active,IC50,0.0595,10.22548303427145
72,CC(=O)N1CCC2=C(C1)N=C(C(=N2)N3CCC(CC3)OC4=C(C=C(C=C4)F)F)NC5CC(C5)O,Active,IC50,0.0615,10.211124884224583
73,CC(C)NC1=NC2=C(CCN(C2)S(=O)(=O)C)N=C1N3CCC(CC3)OC4=C(C=C(C=C4)F)F,Active,IC50,0.0618,10.209011524911183
74,CC[C@H](C)NC1=NC2=C(CCN(C2)C(=O)C)N=C1N3CCC(CC3)OC4=C(C=C(C=C4)F)F,Active,IC50,0.062,10.207608310501746
75,CC(C)NC1=NC2=C(CN(CC2)C(=O)C)N=C1N3CCC(CC3)OC4=C(C=C(C=C4)OC)F,Active,IC50,0.0625,10.204119982655925
76,CC(C)NC1=NC2=C(CCN(C2)CN3CCOCC3)N=C1N4CCC(CC4)OC5=C(C=C(C=C5)F)F,Active,IC50,0.0626,10.20342566678957
77,CC(=O)N1CCC2=C(C1)N=C(C(=N2)N3CCN(CC3)CC4=C(C=C(C=C4)F)F)N[C@@H]5CCOC5,Active,IC50,0.0632,10.199282921717614
78,C[C@H](C(=O)N1CCC2=C(C1)N=C(C(=N2)N3CCC(CC3)OC4=C(C=C(C=C4)F)F)NCC(F)F)OC,Active,IC50,0.064,10.193820026016112
79,CC1C2=C(CCN1C(=O)COC)N=C(C(=N2)N3CCC(CC3)OC4=C(C=C(C=C4)F)F)NCC(F)F,Active,IC50,0.068,10.167491087293763
80,CC(C)NC1=NC2=C(CN(CC2)CCF)N=C1N3CCC(CC3)OC4=C(C=C(C=C4)F)F,Active,IC50,0.0692,10.159893905543242
81,CC(C)NC1=NC2=C(CCN(C2)C(=O)COC)N=C1N3CCC(CC3)OC4=C(C=C(C=C4)F)F,Active,IC50,0.0715,10.145693958198919
82,CC1C2=C(CCN1C(=O)C)N=C(C(=N2)NC(C)C)N3CCC(CC3)OC4=C(C=C(C=C4)F)F,Active,IC50,0.0732,10.135488918941608
83,CC(C)NC1=NC2=C(CN(CC2)C(=O)C)N=C1N3CCC(CC3)OC4=C(C=C(C=C4)F)F,Active,IC50,0.0737,10.132532512140948
84,CC(C)NC1=NC2=C(CCN(C2)C(=O)C)N=C1N3CCC(CC3)OC4=C(C=C(C=C4)OC)F,Active,IC50,0.0741,10.130181792020672
85,CC(C)NC1=NC2=C(CCN(C2)CCF)N=C1N3CCC(CC3)OC4=C(C=C(C=C4)F)F,Active,IC50,0.0748,10.126098402135538
86,CC1C2=C(CCN1C(=O)C)N=C(C(=N2)N3CCC(CC3)OC4=C(C=C(C=C4)F)F)NCC(F)F,Active,IC50,0.076,10.119186407719209
87,CC(=O)N1CCC2=C(C1)N=C(C(=N2)N3CCC(CC3)OC4=C(C=C(C=C4)F)F)NC5CC(C5)O,Active,IC50,0.078,10.10790539730952
88,CC(C)NC1=NC2=C(CCN(C2)C(=O)[C@@H]3CCCN3C)N=C1N4CCC(CC4)OC5=C(C=C(C=C5)F)F,Active,IC50,0.0781,10.1073489661227
89,C1CN(CCC1OC2=C(C=C(C=C2)F)F)C3=NC4=C(CN(CC4)C(=O)C(F)F)N=C3NCC(F)F,Active,IC50,0.0788,10.103473782510445
90,COCC(=O)N1CCC2=C(C1)N=C(C(=N2)NCC(F)F)N3CCC(CC3)OC4=C(C=C(C=C4)F)F,Active,IC50,0.0795,10.09963287134353
91,CC1C2=C(CCN1C(=O)C3CC3)N=C(C(=N2)NCC(F)F)N4CCC(CC4)OC5=C(C=C(C=C5)F)F,Active,IC50,0.085,10.070581074285707
92,CC(C)NC1=NC2=C(CCN(C2)C(=O)C)N=C1N3CCC(CC3)OC4=C(C=C(C=C4)C#N)F,Active,IC50,0.0866,10.062482107982653
93,CC1C2=C(CCN1S(=O)(=O)C)N=C(C(=N2)NCC(F)F)N3CCC(CC3)OC4=C(C=C(C=C4)F)F,Active,IC50,0.087,10.060480747381382
94,CC1C2=C(CCN1C(=O)C)N=C(C(=N2)N3CCC(CC3)OC4=C(C=C(C=C4)F)F)NC(C)C,Active,IC50,0.088,10.05551732784983
95,CC(C)NC1=NC2=C(CCN(C2)C)N=C1N3CCC(CC3)OC4=C(C=C(C=C4)F)F,Active,IC50,0.0901,10.045275209020938
96,CC1C2=C(CCN1C(=O)COC)N=C(C(=N2)N3CCC(CC3)OC4=C(C=C(C=C4)F)F)NC(C)C,Active,IC50,0.091,10.040958607678906
97,CC1C2=C(CCN1C(=O)N(C)C)N=C(C(=N2)N3CCC(CC3)OC4=C(C=C(C=C4)F)F)NCC(F)F,Active,IC50,0.0935,10.029188389127482
98,CC1C2=C(CCN1C(=O)C(F)F)N=C(C(=N2)NC(C)C)N3CCC(CC3)OC4=C(C=C(C=C4)F)F,Active,IC50,0.095,10.022276394711152
99,CC(C)NC1=NC2=C(CN(CC2)S(=O)(=O)C)N=C1N3CCC(CC3)OC4=C(C=C(C=C4)F)F,Active,IC50,0.0956,10.0195421077239
100,CC(=O)N1CCC2=C(C1)N=C(C(=N2)N3CCN(CC3)CC4=C(C=C(C=C4)F)F)N[C@H]5CCOC5,Active,IC50,0.0978,10.009661145212398
101,CC1C2=C(CCN1S(=O)(=O)C)N=C(C(=N2)N3CCC(CC3)OC4=C(C=C(C=C4)F)F)NC(C)C,Active,IC50,0.098,10.008773924307505
102,CC(C)NC1=NC2=C(CN(CC2)C(=O)C)N=C1N3CCC(CC3)OC4=C(C=C(C=C4)C#N)F,Active,IC50,0.105,9.978810700930062
103,C[C@@H](CCO)NC1=NC2=C(CCN(C2)C(=O)C)N=C1N3CCC(CC3)OC4=C(C=C(C=C4)F)F,Active,IC50,0.1071,9.970210529168144
104,CC1C2=C(CCN1C(=O)N(C)C)N=C(C(=N2)NC(C)C)N3CCC(CC3)OC4=C(C=C(C=C4)F)F,Active,IC50,0.1096,9.96018944585165
105,C1CN(CCC1OC2=C(C=C(C=C2)F)F)C3=NC4=C(CCN(C4)C(=O)C(F)F)N=C3NCC(F)F,Active,IC50,0.1106,9.95624487303132
106,C[C@@H](C(=O)N1CCC2=C(C1)N=C(C(=N2)N3CCC(CC3)OC4=C(C=C(C=C4)F)F)NCC(F)F)OC,Active,IC50,0.111,9.954677021213342
107,CC(=O)N1CCC2=C(C1)N=C(C(=N2)N3CCC(CC3)OC4=C(C=C(C=C4)F)F)NC5CC(C5)OC(=O)C,Active,IC50,0.1135,9.945004138470859
108,CC1C2=C(CCN1C(=O)C(F)F)N=C(C(=N2)N3CCC(CC3)OC4=C(C=C(C=C4)F)F)NC(C)C,Active,IC50,0.1155,9.937418015771836
109,CC(C)NC1=NC2=C(CN(CC2)C(=O)C3CC3)N=C1N4CCC(CC4)OC5=C(C=C(C=C5)C#N)F,Active,IC50,0.122,9.913640169325252
110,CC(=O)N1CCC2=C(C1)N=C(C(=N2)N3CCN(CC3)CC4=C(C=C(C=C4)F)F)NC5CC(C5)O,Active,IC50,0.122,9.913640169325252
111,CC1C2=C(CCN1C(=O)C3CC3)N=C(C(=N2)N4CCC(CC4)OC5=C(C=C(C=C5)F)F)NCC(F)F,Active,IC50,0.126,9.899629454882437
112,CC(C)NC1=NC2=C(CCN(C2)C(=O)C(F)F)N=C1N3CCC(CC3)OC4=C(C=C(C=C4)F)F,Active,IC50,0.1292,9.888737486340935
113,CC(C)NC1=NC2=C(CCN(C2)C(=O)OC)N=C1N3CCC(CC3)OC4=C(C=C(C=C4)F)F,Active,IC50,0.1295,9.88773023158273
114,CC(C)NC1=NC2=C(CN(CC2)C(=O)OC)N=C1N3CCC(CC3)OC4=C(C=C(C=C4)F)F,Active,IC50,0.1317,9.880414225038216
115,CC(C)NC1=NC2=C(CCN(C2)C)N=C1N3CCC(CC3)OC4=C(C=C(C=C4)OC)F,Active,IC50,0.1402,9.85325198636936
116,CN1CCC2=C(C1)N=C(C(=N2)NC3CC3)N4CCC(CC4)OC5=C(C=C(C=C5)OC)F,Active,IC50,0.145,9.838631997765026
117,CC(C)NC1=NC2=C(CCN(C2)S(=O)(=O)C(C)C)N=C1N3CCC(CC3)OC4=C(C=C(C=C4)F)F,Active,IC50,0.149,9.826813731587727
118,CS(=O)(=O)N1CCC2=C(C1)N=C(C(=N2)NCC(F)F)N3CCC(CC3)OC4=C(C=C(C=C4)F)F,Active,IC50,0.163,9.787812395596042
119,CC1C2=C(CCN1C(=O)C)N=C(C(=N2)NCC(F)F)N3CCC(CC3)OC4=C(C=C(C=C4)F)F,Active,IC50,0.178,9.749579997691106
120,CC1C2=C(CCN1C(=O)N(C)C)N=C(C(=N2)N3CCC(CC3)OC4=C(C=C(C=C4)F)F)NC(C)C,Active,IC50,0.1794,9.746177561291926
121,CC(=O)N1CCC2=C(C1)N=C(C(=N2)N3CCN(CC3)CC4=C(C=C(C=C4)F)F)NC5CC(C5)F,Active,IC50,0.1859,9.7307206102281
122,CC(C)NC1=NC2=C(CN(CC2)C(=O)C)N=C1N3CCC(CC3)S(=O)(=O)C4=CC=C(C=C4)F,Active,IC50,0.1877,9.726535727378653
123,CC1C2=C(CCN1C(=O)C(F)F)N=C(C(=N2)N3CCC(CC3)OC4=C(C=C(C=C4)F)F)NCC(F)F,Active,IC50,0.1933,9.713768145971446
124,CC(C)NC1=NC2=C(CN(CC2)CC(F)F)N=C1N3CCC(CC3)OC4=C(C=C(C=C4)F)F,Active,IC50,0.1997,9.699621935129297
125,CC(C)NC1=NC2=C(CN(CC2)C(=O)C)N=C1N3CCC(CC3)S(=O)(=O)C4=C(C=C(C=C4)OC)F,Active,IC50,0.2002,9.6985359268567
126,CC1C2=C(CCN1C(=O)COC)N=C(C(=N2)NCC(F)F)N3CCC(CC3)OC4=C(C=C(C=C4)F)F,Active,IC50,0.208,9.681936665037238
127,CC(C)NC1=NC2=C(CN(CC2)C(=O)C3CC3)N=C1N4CCC(CC4)OC5=C(C=C(C=C5)F)F,Active,IC50,0.2106,9.676541633150531
128,CC1C2=C(CCN1C(=O)C(F)F)N=C(C(=N2)NCC(F)F)N3CCC(CC3)OC4=C(C=C(C=C4)F)F,Active,IC50,0.2122,9.673254620434678
129,CC(=O)N1CCC2=C(C1)N=C(C(=N2)N3CCN(CC3)CC4=C(C=C(C=C4)F)F)NC5CC(C5)OC(=O)C,Active,IC50,0.2198,9.657972311912529
130,CC(C)NC1=NC2=C(CN(CC2)C(=O)C)N=C1N3CCC(CC3)S(=O)(=O)C4=CC=CC=C4F,Active,IC50,0.247,9.607303046740334
131,CC(C)NC1=NC2=C(CN(CC2)C(=O)C)N=C1N3CCC(CC3)S(=O)(=O)C4=CC=CC(=C4)F,Active,IC50,0.2498,9.602407565961883
132,CC1C2=C(CCN1C(=O)C3CC3)N=C(C(=N2)N4CCC(CC4)OC5=C(C=C(C=C5)F)F)NC(C)C,Active,IC50,0.259,9.586700235918748
133,CC[C@@H](C)NC1=NC2=C(CCN(C2)C(=O)C)N=C1N3CCC(CC3)OC4=C(C=C(C=C4)F)F,Active,IC50,0.3193,9.495801081460556
134,CC(C)NC1=NC2=C(CCN(C2)C(=O)C3CC3)N=C1N4CCC(CC4)OC5=C(C=C(C=C5)F)F,Active,IC50,0.3402,9.46826569072345
135,CC(C)NC1=NC2=C(CN(CC2)C(=O)C)N=C1N3CCC(CC3)S(=O)(=O)C4=CC=CC(=C4)OC,Active,IC50,0.3415,9.466609291982449
136,CC(C)NC1=NC2=C(CCN(C2)C(=O)C)N=C1N3CCN(CC3)CC4=C(C=C(C=C4)C#N)F,Active,IC50,0.3629,9.440213031799443
137,CC(C)NC1=NC2=C(CCN(C2)C(=O)N3CCCC3)N=C1N4CCC(CC4)OC5=C(C=C(C=C5)F)F,Active,IC50,0.391,9.407823242604133
138,CC(=O)N1CCC2=C(C1)N=C(C(=N2)N3CCC(CC3)OC4=C(C=C(C=C4)F)F)NC5CC(C5)OC(=O)C,Active,IC50,0.6039,9.219034970391682
139,CC1=NC=CC2=C1N=C(C(=N2)NC3CC3)N4CCC(CC4)CC5=C(C=C(C=C5)F)F.C(=O)(C(F)(F)F)O,Active,IC50,2.0,8.698970004336019
140,CC(C)NC1=NC2=CN=NC=C2N=C1N3CCC(CC3)OC4=C(C=C(C=C4)F)F.C(=O)(C(F)(F)F)O,Active,IC50,4.0,8.397940008672037
141,CN(C)C(=O)C1=NC=C2C(=C1)N=C(C(=N2)N3CCC(CC3)OC4=C(C=C(C=C4)F)F)NC5CC5,Active,IC50,5.0,8.301029995663981
142,CC(C)NC1=NC2=CN=NC=C2N=C1N3CCC(CC3)OC4=C(C=C(C=C4)OC)F.C(=O)(C(F)(F)F)O,Active,IC50,6.0,8.221848749616356
143,CC1=CC2=C(C=N1)N=C(C(=N2)NC3CC3)N4CCC(CC4)[C@H](C5=C(C=C(C=C5)F)F)F.C(=O)(C(F)(F)F)O,Active,IC50,6.0,8.221848749616356
144,CC(C)NC1=NC2=CN=NC=C2N=C1N3CCC(CC3)C(C4=C(C=C(C=C4)F)F)F.C(=O)(C(F)(F)F)O,Active,IC50,6.0,8.221848749616356
145,CC(C)NC1=NC2=CC(=NC=C2N=C1N3CCC(CC3)OC4=C(C=C(C=C4)Cl)F)C(=O)N(C)C.C(=O)(C(F)(F)F)O,Active,IC50,6.0,8.221848749616356
146,C1CC1NC2=NC3=C(C(=NC=C3)C(=O)N4CCOCC4)N=C2N5CCC(CC5)[C@@H](C6=C(C=C(C=C6)F)F)F.C(=O)(C(F)(F)F)O,Active,IC50,6.0,8.221848749616356
147,C1CC1NC2=NC3=C(C(=NC=C3)C(=O)N4CCOCC4)N=C2N5CCC(CC5)[C@H](C6=C(C=C(C=C6)F)F)F.C(=O)(C(F)(F)F)O,Active,IC50,7.0,8.154901959985743
148,CC1=CC2=C(C=N1)N=C(C(=N2)NC3CC3)N4CCC(CC4)C(C5=C(C=C(C=C5)F)F)F.C(=O)(C(F)(F)F)O,Active,IC50,7.0,8.154901959985743
149,CC(C)NC1=NC2=CN=NC=C2N=C1N3CCC(CC3)OC4=C(C=C(C=C4)Cl)F.C(=O)(C(F)(F)F)O,Active,IC50,7.0,8.154901959985743
150,CC(C)NC1=NC2=CN=NC=C2N=C1N3CCC(CC3)OC4=C(C=C(C=C4)OCF)F.C(=O)(C(F)(F)F)O,Active,IC50,8.0,8.096910013008056
151,CN(C)C(=O)C1=NC=C2C(=C1)N=C(C(=N2)N3CCC(CC3)[C@H](C4=C(C=C(C=C4)F)F)F)NC5CC5.C(=O)(C(F)(F)F)O,Active,IC50,8.0,8.096910013008056
152,CC1=NC=CC2=C1N=C(C(=N2)NC3CC3)N4CCC(CC4)C(C5=C(C=C(C=C5)F)F)F.C(=O)(C(F)(F)F)O,Active,IC50,9.0,8.045757490560675
153,CN(C)C(=O)C1=NC=C2C(=C1)N=C(C(=N2)N3CCC(CC3)[C@@H](C4=C(C=C(C=C4)F)F)F)NC5CC5.C(=O)(C(F)(F)F)O,Active,IC50,10.0,8.0
154,C1CC1NC2=NC3=C(C=NC(=C3)C#N)N=C2N4CCC(CC4)[C@@H](C5=C(C=C(C=C5)F)F)F,Active,IC50,11.0,7.958607314841775
155,CC1=CC2=C(C=N1)N=C(C(=N2)NC3CC3)N4CCC(CC4)[C@@H](C5=C(C=CC(=C5)F)F)F,Active,IC50,11.0,7.958607314841775
156,CC(C)NC1=NC2=C(C=CN=C2)N=C1N3CCC(CC3)OC4=C(C=C(C=C4)OC)F.C(=O)(C(F)(F)F)O,Active,IC50,12.0,7.920818753952375
157,CC(C)NC1=NC2=CN=NC=C2N=C1N3CCC(CC3)[C@H](C4=C(C=C(C=C4)F)F)F.C(=O)(C(F)(F)F)O,Active,IC50,14.0,7.853871964321762
158,CSC1=CC(=C(C=C1)OC2CCN(CC2)C3=NC4=CN=NC=C4N=C3NC5CC5)F.C(=O)(C(F)(F)F)O,Active,IC50,14.0,7.853871964321762
159,C1CC(C1)NC2=NC3=C(C=CN=C3)N=C2N4CCC(CC4)OC5=C(C=C(C=C5)F)F,Active,IC50,14.0,7.853871964321762
160,C1CC1NC2=NC3=CC(=NC=C3N=C2N4CCC(CC4)[C@H](C5=C(C=C(C=C5)F)F)F)Cl.C(=O)(C(F)(F)F)O,Active,IC50,15.0,7.823908740944319
161,CC(C)NC1=NC2=CN=NC=C2N=C1N3CCC(CC3)CC4=C(C=C(C=C4)OC)F.C(=O)(C(F)(F)F)O,Active,IC50,15.0,7.823908740944319
162,C1CC1NC2=NC3=C(C=NC(=C3)C#N)N=C2N4CCC(CC4)CC5=C(C=C(C=C5)F)F,Active,IC50,15.0,7.823908740944319
163,CC(C)NC1=NC2=CC(=NC=C2N=C1N3CCC(CC3)C(=O)C4=CC(=CC(=C4)F)F)C(=O)N(C)C.C(=O)(C(F)(F)F)O,Active,IC50,16.0,7.795880017344075
164,C1CC1NC2=NC3=C(C=NC=C3)N=C2N4CCC(CC4)C(C5=C(C=C(C=C5)F)F)(F)F,Active,IC50,16.0,7.795880017344075
165,C1CC1NC2=NC3=C(C=NC(=C3)C#N)N=C2N4CCC(CC4)[C@H](C5=C(C=C(C=C5)F)F)F,Active,IC50,17.0,7.769551078621726
166,C1CC1NC2=NC3=C(C=NC(=C3)C#N)N=C2N4CCC(CC4)[C@H](C5=C(C=C(C=C5)F)F)F.C(=O)(C(F)(F)F)O,Active,IC50,17.0,7.769551078621726
167,C1CC1NC2=NC3=CN=NC=C3N=C2N4CCC(CC4)OC5=C(C=C(C=C5)F)F.C(=O)(C(F)(F)F)O,Active,IC50,18.0,7.7447274948966935
168,CC1=NC=CC2=C1N=C(C(=N2)NC3CC3)N4CCC(CC4)OC5=C(C=C(C=C5)F)F.C(=O)(C(F)(F)F)O,Active,IC50,18.0,7.7447274948966935
169,C1CC1NC2=NC3=CC=CC=C3N=C2N4CCC(CC4)CC5=C(C=C(C=C5)F)F.C(=O)(C(F)(F)F)O,Active,IC50,19.0,7.721246399047171
170,C1CC1NC2=NC3=C(C=NC=C3)N=C2N4CCC(CC4)CC5=C(C=C(C=C5)F)F.C(=O)(C(F)(F)F)O,Active,IC50,19.0,7.721246399047171
171,COC1=CC(=C(C=C1)OC2CCN(CC2)C3=NC4=CN=NC=C4N=C3NC5CC5)F.C(=O)(C(F)(F)F)O,Active,IC50,20.0,7.698970004336019
172,CC(C)NC1=NC2=C(C=CN=C2)N=C1N3CCC(CC3)OC4=C(C=C(C=C4)F)F,Active,IC50,20.0,7.698970004336019
173,C1CC1NC2=NC3=C(C=NC=C3)N=C2N4CCC(CC4)C(C5=C(C=CC(=C5)F)F)F,Active,IC50,20.0,7.698970004336019
174,CC1=CC2=C(C=N1)N=C(C(=N2)NC3CC3)N4CCC(CC4)CC5=C(C=C(C=C5)F)F.C(=O)(C(F)(F)F)O,Active,IC50,20.0,7.698970004336019
175,CC(C)NC1=NC2=C(C=CN=C2)N=C1N3CCC(CC3)OC4=C(C=C(C=C4)F)F.C(=O)(C(F)(F)F)O,Active,IC50,21.0,7.6777807052660805
176,CC[C@H](C)NC1=NC2=CN=NC=C2N=C1N3CCC(CC3)OC4=C(C=C(C=C4)OC)F.C(=O)(C(F)(F)F)O,Active,IC50,21.0,7.6777807052660805
177,C1CC1NC2=NC3=C(C=NC=C3)N=C2N4CCN(CC4)CC5=C(C=C(C=C5)F)F.C(=O)(C(F)(F)F)O,Active,IC50,21.0,7.6777807052660805
178,COC1=CC(=C(C=C1)C(=O)C2CCN(CC2)C3=NC4=C(C=CN=C4)N=C3NC5CC5)F.C(=O)(C(F)(F)F)O,Active,IC50,21.0,7.6777807052660805
179,C1CN(C1)C(=O)C2=NC=C3C(=C2)N=C(C(=N3)N4CCC(CC4)[C@H](C5=C(C=C(C=C5)F)F)F)NC6CC6.C(=O)(C(F)(F)F)O,Active,IC50,22.0,7.657577319177793
180,C1CN(C1)C(=O)C2=NC=C3C(=C2)N=C(C(=N3)N4CCC(CC4)[C@H](C5=C(C=C(C=C5)F)F)F)NC6CC6,Active,IC50,22.0,7.657577319177793
181,C1CC1NC2=NC3=CN=NC=C3N=C2N4CCC(CC4)[C@H](C5=C(C=C(C=C5)F)F)F.C(=O)(C(F)(F)F)O,Active,IC50,22.0,7.657577319177793
182,C1CN(C1)C(=O)C2=NC=C3C(=C2)N=C(C(=N3)N4CCC(CC4)[C@@H](C5=C(C=C(C=C5)F)F)F)NC6CC6,Active,IC50,23.0,7.638272163982407
183,C1CN(C1)C(=O)C2=NC=C3C(=C2)N=C(C(=N3)N4CCC(CC4)[C@@H](C5=C(C=C(C=C5)F)F)F)NC6CC6.C(=O)(C(F)(F)F)O,Active,IC50,23.0,7.638272163982407
184,C1CC1NC2=NC3=C(C=NC=C3)N=C2N4CCC(CC4)[C@@H](C5=C(C=C(C=C5)F)F)F.C(=O)(C(F)(F)F)O,Active,IC50,24.0,7.619788758288394
185,C1CC1NC2=NC3=C(C=C(C=C3)C#N)N=C2N4CCC(CC4)C(C5=C(C=C(C=C5)F)F)F.C(=O)(C(F)(F)F)O,Active,IC50,24.0,7.619788758288394
186,C1CC1NC2=NC3=C(C=C(N=C3)C#N)N=C2N4CCC(CC4)[C@H](C5=C(C=C(C=C5)F)F)F,Active,IC50,24.0,7.619788758288394
187,CC(C)NC1=NC2=C(C=NC(=C2)C#N)N=C1N3CCC(CC3)CC4=C(C=C(C=C4)OC)F.C(=O)(C(F)(F)F)O,Active,IC50,26.0,7.585026652029182
188,C1CC1NC2=NC3=CC(=NC=C3N=C2N4CCC(CC4)[C@H](C5=C(C=C(C=C5)F)F)F)C(=O)N6CCC6F,Active,IC50,26.0,7.585026652029182
189,C1CC1NC2=NC3=CN=NC=C3N=C2N4CCC(CC4)[C@@H](C5=C(C=C(C=C5)F)F)F.C(=O)(C(F)(F)F)O,Active,IC50,26.0,7.585026652029182
190,C1CC1NC2=NC3=C(C=CN=C3)N=C2N4CCC(CC4)CC5=C(C=C(C=C5)F)F.C(=O)(C(F)(F)F)O,Active,IC50,27.0,7.568636235841012
191,CC(C)NC1=NC2=C(C=NC(=C2)C#N)N=C1N3CCC(CC3)C(=O)C4=CC(=CC(=C4)F)F.C(=O)(C(F)(F)F)O,Active,IC50,28.0,7.552841968657781
192,C1CC1NC2=NC3=CC(=NC=C3N=C2N4CCC(CC4)[C@@H](C5=C(C=C(C=C5)F)F)F)Cl.C(=O)(C(F)(F)F)O,Active,IC50,29.0,7.537602002101044
193,C1CC1NC2=NC3=CC(=NC=C3N=C2N4CCC(CC4)C(C5=C(C=C(C=C5)F)F)F)Br.C(=O)(C(F)(F)F)O,Active,IC50,29.0,7.537602002101044
194,C1CC1NC2=NC3=C(C=CC(=C3)C#N)N=C2N4CCC(CC4)C(C5=C(C=C(C=C5)F)F)F.C(=O)(C(F)(F)F)O,Active,IC50,29.0,7.537602002101044
195,C1CC1NC2=NC3=C(C=NC=C3)N=C2N4CCN(CC4)CC5=C(C=CC(=C5)Cl)F.C(=O)(C(F)(F)F)O,Active,IC50,29.0,7.537602002101044
196,COC1=NC=C2C(=C1)N=C(C(=N2)N3CCC(CC3)CC4=C(C=C(C=C4)F)F)NC5CC5.C(=O)(C(F)(F)F)O,Active,IC50,29.0,7.537602002101044
197,CC(C)NC1=NC2=C(C=CN=C2)N=C1N3CCC(CC3)C(C4=C(C=C(C=C4)F)F)F.C(=O)(C(F)(F)F)O,Active,IC50,29.0,7.537602002101044
198,COCCNC1=NC2=C(C=NC=C2)N=C1N3CCC(CC3)CC4=C(C=C(C=C4)F)F.C(=O)(C(F)(F)F)O,Active,IC50,30.0,7.522878745280337
199,C1CC1NC2=NC3=CN=NC=C3N=C2N4CCC(CC4)OC5=C(C=C(C=C5)Cl)F.C(=O)(C(F)(F)F)O,Active,IC50,30.0,7.522878745280337
200,CC[C@@H](C)NC1=NC2=CN=NC=C2N=C1N3CCC(CC3)OC4=C(C=C(C=C4)OC)F.C(=O)(C(F)(F)F)O,Active,IC50,30.0,7.522878745280337
201,C1CC1NC2=NC3=CC(=NC=C3N=C2N4CCC(CC4)CC5=C(C=C(C=C5)F)F)Cl,Active,IC50,31.0,7.508638306165727
202,CC1=C2C(=CN=N1)N=C(C(=N2)NC(C)C)N3CCC(CC3)OC4=C(C=C(C=C4)F)F.C(=O)(C(F)(F)F)O,Active,IC50,31.0,7.508638306165727
203,C1CC1NC2=NC3=C(C=NC=C3)N=C2N4CCN(CC4)CC5=C(C=CC(=C5)Cl)Cl.C(=O)(C(F)(F)F)O,Active,IC50,32.0,7.494850021680094
204,C1CC1NC2=NC3=C(C=NC=C3)N=C2N4CCC(CC4)C(=O)C5=C(C=CC(=C5)Cl)F.C(=O)(C(F)(F)F)O,Active,IC50,35.0,7.455931955649724
205,COC1=CC(=C(C=C1)OC2CCN(CC2)C3=NC4=CN=NC=C4N=C3NC5CC5)F,Active,IC50,36.0,7.443697499232712
206,CCNC1=NC2=C(C=CN=C2)N=C1N3CCC(CC3)OC4=C(C=C(C=C4)OC)F.C(=O)(C(F)(F)F)O,Active,IC50,39.0,7.4089353929735005
207,CC(C)NC1=NC2=CC(=NC=C2N=C1N3CCN(CC3)CC4=C(C=C(C=C4)F)F)C(=O)N(C)C.C(=O)(C(F)(F)F)O,Active,IC50,40.0,7.3979400086720375
208,COC1=CC(=C(C=C1)C(=O)C2CCN(CC2)C3=NC4=C(C=CN=C4C#N)N=C3NC5CC5)F.C(=O)(C(F)(F)F)O,Active,IC50,43.0,7.366531544420414
209,CC(C)NC1=NC2=CN=NC=C2N=C1N3CCN(CC3)CC4=CC(=CC=C4)OC.C(=O)(C(F)(F)F)O,Active,IC50,44.0,7.356547323513812
210,COC1=CC(=C(C=C1)OC2CCN(CC2)C3=NC4=C(C=NC=C4)N=C3NC5CC5)F.C(=O)(C(F)(F)F)O,Active,IC50,44.0,7.356547323513812
211,CC1=NC=CC2=C1N=C(C(=N2)NC3CC3)N4CCC(CC4)C(C5=C(C=CC(=C5)F)F)(F)F,Active,IC50,45.0,7.346787486224656
212,C1CC1NC2=NC3=C(C=C(N=C3)C#N)N=C2N4CCC(CC4)[C@@H](C5=C(C=C(C=C5)F)F)F,Active,IC50,45.0,7.346787486224656
213,C1CC1NC2=NC3=C(C=NC=C3)N=C2N4CCC(CC4)C(C5=C(C=CC(=C5)Cl)F)(F)F,Active,IC50,46.0,7.337242168318426
214,CC(C)NC1=NC2=C(C=C(C=C2)C#N)N=C1N3CCC(CC3)[C@H](C4=C(C=C(C=C4)F)F)F,Active,IC50,49.0,7.309803919971486
215,C1CC1NC2=NC3=C(C=NC=C3)N=C2N4CCN(CC4)CC5=CC(=C(C=C5F)F)F.C(=O)(C(F)(F)F)O,Active,IC50,50.0,7.301029995663981
216,CC(C)NC1=NC2=CC=CC=C2N=C1N3CCC(CC3)OC4=C(C=C(C=C4)Cl)F.Cl,Active,IC50,51.0,7.292429823902063
217,CC(C)NC1=NC2=CN=NC=C2N=C1N3CCC(CC3)C(=O)C4=C(C=C(C=C4)OC)F.C(=O)(C(F)(F)F)O,Active,IC50,54.0,7.267606240177031
218,C1CC1NC2=NC3=C(C=CN=C3)N=C2N4CCC(CC4)OC5=C(C=C(C=C5)O)F.C(=O)(C(F)(F)F)O,Active,IC50,54.0,7.267606240177031
219,CN(C)C(=O)C1=NC=CC2=C1N=C(C(=N2)NC3CC3)N4CCC(CC4)OC5=C(C=C(C=C5)OC)F,Active,IC50,54.0,7.267606240177031
220,CN1CCN(CC1)C(=O)C2=NC=C3C(=C2)N=C(C(=N3)N4CCC(CC4)C(=O)C5=C(C=CC(=C5)C#N)F)NC6CC6.C(=O)(C(F)(F)F)O,Active,IC50,54.0,7.267606240177031
221,C1CC1NC2=NC3=C(C=CN=C3)N=C2N4CCN(CC4)CC5=C(C=CC(=C5)Cl)Cl.C(=O)(C(F)(F)F)O,Active,IC50,56.0,7.251811972993799
222,CC1=C2C(=C(N=N1)C)N=C(C(=N2)NC(C)C)N3CCC(CC3)OC4=C(C=C(C=C4)F)F.C(=O)(C(F)(F)F)O,Active,IC50,60.0,7.221848749616356
223,C1CC1NC2=NC3=C(C=NC=C3N=C2N4CCN(CC4)CC5=C(C=CC(=C5)Cl)Cl)Cl.C(=O)(C(F)(F)F)O,Active,IC50,62.0,7.207608310501746
224,C1CC1NC2=NC3=C(C=NC=C3)N=C2N4CCC(CC4)C(=O)C5=C(C=CC(=C5)F)Cl.C(=O)(C(F)(F)F)O,Active,IC50,62.0,7.207608310501746
225,C1CC1NC2=NC3=C(C=NC=C3N=C2N4CCN(CC4)CC5=C(C=CC(=C5)F)F)Cl.C(=O)(C(F)(F)F)O,Active,IC50,62.0,7.207608310501746
226,C1CC1NC2=NC3=C(C=C(C=C3)C#N)N=C2N4CCC(CC4)CC5=C(C=C(C=C5)F)F.C(=O)(C(F)(F)F)O,Active,IC50,64.0,7.1938200260161125
227,CN(C)C(=O)C1=NC=C2C(=C1)N=C(C(=N2)N3CCC(CC3)OC4=C(C=C(C=C4)F)F)NCC(F)F.C(=O)(C(F)(F)F)O,Active,IC50,65.0,7.187086643357144
228,C1CC1NC2=NC3=C(C(=NC=C3)C#N)N=C2N4CCN(CC4)CC5=C(C=C(C=C5)F)F.C(=O)(C(F)(F)F)O,Active,IC50,66.0,7.180456064458131
229,C1CC1NC2=NC3=C(C=NC=C3)N=C2N4CCC(CC4)C(=O)C5=CC=CC=C5Cl.C(=O)(C(F)(F)F)O,Active,IC50,67.0,7.173925197299173
230,C1CC1NC2=NC3=C(C=NC=C3)N=C2N4CCC(CC4)C(=O)C5=C(C=CC(=C5)C#N)F.C(=O)(C(F)(F)F)O,Active,IC50,69.0,7.161150909262744
231,C1CN(CCC1CC2=C(C=C(C=C2)F)F)C3=NC4=C(C=CC(=C4)C#N)N=C3NCC(F)F,Active,IC50,71.0,7.1487416512809245
232,CC(C)NC1=NC2=CN=NC=C2N=C1N3CCC(CC3)OC4=C(C=C(C=C4)C#N)F.C(=O)(C(F)(F)F)O,Active,IC50,72.0,7.142667503568731
233,C1CC1NC2=NC3=C(C=C(C=C3)F)N=C2N4CCC(CC4)CC5=C(C=C(C=C5)F)F.C(=O)(C(F)(F)F)O,Active,IC50,72.0,7.142667503568731
234,C1CC1NC2=NC3=C(C=C(C=C3)C#N)N=C2N4CCC(CC4)C(C5=C(C=CC(=C5)F)F)F.C(=O)(C(F)(F)F)O,Active,IC50,75.0,7.1249387366083
235,C1CN(CCC1CC2=C(C=C(C=C2)F)F)C3=NC4=C(C=NC=C4)N=C3NCC(F)F,Active,IC50,78.0,7.107905397309519
236,C1CC1NC2=NC3=C(C=NC=C3)N=C2N4CCC(CC4)C(=O)C5=CC=CC=C5Br.C(=O)(C(F)(F)F)O,Active,IC50,78.0,7.107905397309519
237,CC(C)NC1=NC2=C(C=C(C=C2)C#N)N=C1N3CCC(CC3)[C@@H](C4=C(C=C(C=C4)F)F)F,Active,IC50,82.0,7.086186147616283
238,CC(C)NC1=NC2=C(C=C(C=C2)C#N)N=C1N3CCC(CC3)[C@@H](C4=C(C=CC(=C4)F)F)F,Active,IC50,82.0,7.086186147616283
239,COC1=CC(=C(C=C1)CN2CCN(CC2)C3=NC4=C(C=CN=C4C#N)N=C3NC5CC5)F.C(=O)(C(F)(F)F)O,Active,IC50,88.0,7.055517327849831
240,C1CC1NC2=NC3=CC(=NC=C3N=C2N4CCC(CC4)C(=O)C5=C(C=CC(=C5)C#N)Cl)Cl,Active,IC50,89.0,7.050609993355087
241,C1CC1NC2=NC3=CN=NC=C3N=C2N4CCC(CC4)OC5=C(C=C(C=C5)C#N)F.C(=O)(C(F)(F)F)O,Active,IC50,90.0,7.045757490560675
242,C1CC1NC2=NC3=C(C=C(C=C3)C#N)N=C2N4CCC(CC4)OC5=C(C=C(C=C5)F)F.C(=O)(C(F)(F)F)O,Active,IC50,90.0,7.045757490560675
243,COC1=CC(=C(C=C1)CN2CCN(CC2)C3=NC4=CN=C(C=C4N=C3NC5CC5)N6CCOCC6)F,Active,IC50,92.0,7.036212172654444
244,COC1=CC(=C(C=C1)CN2CCN(CC2)C3=NC4=CN=C(C=C4N=C3NC5CC5)N6CCOCC6)F.C(=O)(C(F)(F)F)O,Active,IC50,92.0,7.036212172654444
245,CC1=CC2=C(C=N1)N=C(C(=N2)NC3CC3)N4CCC(CC4)S(=O)(=O)C5=CC=C(C=C5)F.C(=O)(C(F)(F)F)O,Active,IC50,93.0,7.031517051446065
246,C1CN(CCN1CC2=C(C=CC(=C2)Cl)Cl)C3=NC4=C(C=CC(=C4)C#N)N=C3NC5CC(=O)C5.C(=O)(C(F)(F)F)O,Active,IC50,97.0,7.013228265733755
247,CC(C)NC1=NC2=C(C=C(C=C2)C#N)N=C1N3CCC(CC3)C(C4=C(C=CC(=C4)F)F)F.C(=O)(C(F)(F)F)O,Active,IC50,98.0,7.008773924307505
248,C1CN2C(=N1)SSC2=NC(=O)C3=CC=NO3,Active,IC50,100.0,7.0
249,C1CN2C(=N1)SSC2=NC(=O)C3=CC=CC=C3F,Active,IC50,100.0,7.0
250,C1CN2C(=N1)SSC2=NC(=O)C3=CC=CS3,Active,IC50,100.0,7.0
251,C1CN2C(=N1)SSC2=NC(=O)C3=CC=CO3,Active,IC50,110.0,6.958607314841775
252,C1CN(C(=S)N1)C(=S)NC(=O)C2=C(C=C(C=C2)F)F,Active,IC50,110.0,6.958607314841775
253,COC1=CC(=C(C=C1)OC2CCN(CC2)C3=NC4=C(C=CN=C4N5CCOCC5)N=C3NC6CC6)F.C(=O)(C(F)(F)F)O,Active,IC50,114.0,6.943095148663527
254,C1CC1NC2=NC3=C(C=NC=C3)N=C2N4CCN(CC4)CC5=C(C=CC(=C5)F)F.C(=O)(C(F)(F)F)O,Active,IC50,120.0,6.920818753952375
255,C1CN2C(=N1)SSC2=NC(=O)C3=CC=CC4=CC=CC=C43,Active,IC50,130.0,6.886056647693163
256,C1CN2C(=N1)SSC2=NC(=O)C3=CC4=CC=CC=C4S3,Active,IC50,130.0,6.886056647693163
257,C1CN2C(=N1)SSC2=NC(=O)C3=CN=CC=C3,Active,IC50,133.0,6.876148359032914
258,CC1=CC(=CC=C1)C(=O)N=C2N3CCN=C3SS2,Active,IC50,140.0,6.853871964321762
259,C1CC1NC2=NC3=C(C=CN=C3)N=C2N4CCN(CC4)CC5=C(C=CC(=C5)F)F.C(=O)(C(F)(F)F)O,Active,IC50,140.0,6.853871964321762
260,C1CC1NC2=NC3=CC(=C(C=C3N=C2N4CCC(CC4)CC5=C(C=C(C=C5)F)F)F)F.C(=O)(C(F)(F)F)O,Active,IC50,140.0,6.853871964321762
261,C[C@@H]1C[C@H]1NC2=NC3=CN=NC=C3N=C2N4CCC(CC4)[C@H](C5=C(C=C(C=C5)F)F)F.C(=O)(C(F)(F)F)O,Active,IC50,145.0,6.838631997765026
262,CC1CC1NC2=NC3=CN=NC=C3N=C2N4CCC(CC4)[C@H](C5=C(C=C(C=C5)F)F)F.C(=O)(C(F)(F)F)O,Active,IC50,145.0,6.838631997765026
263,CSC1=CC=C(C=C1)OC2CCN(CC2)C3=NC4=C(C=CN=C4)N=C3NC5CC5.C(=O)(C(F)(F)F)O,Active,IC50,146.0,6.835647144215563
264,C1CN(CCC1OC2=C(C=C(C=C2)F)F)C3=NC4=C(C=CC(=C4)C#N)N=C3NCCC(F)(F)F.C(=O)(C(F)(F)F)O,Active,IC50,160.0,6.795880017344075
265,C1CN2C(=N1)SSC2=NC(=O)C3=CC4=CC=CC=C4C=C3,Active,IC50,170.0,6.769551078621726
266,C1CN(C(=S)N1)C(=S)NC(=O)C2=C(C=C(C=C2)F)F,Active,IC50,170.0,6.769551078621726
267,C1CN2C(=N1)SSC2=NC(=O)C3=CC=CC=C3,Active,IC50,170.0,6.769551078621726
268,C1CN2C(=N1)SSC2=NC(=O)C3=CC=C(C=C3)C(F)(F)F,Active,IC50,170.0,6.769551078621726
269,C1CC1NC2=NC3=C(C=NC=C3)N=C2N4CCC(CC4)OC5=C(C=C(C=C5F)F)F.C(=O)(C(F)(F)F)O,Active,IC50,170.0,6.769551078621726
270,C1CN2C(=N1)SSC2=NC(=O)C3=C(N(N=C3)C4=CC=C(C=C4)Cl)C(F)(F)F,Active,IC50,189.7,6.721932669111338
271,C1CN2C(=N1)SSC2=NC(=O)C3=C(C=C(C=C3)F)F,Active,IC50,190.0,6.721246399047171
272,C1CN2C(=N1)SSC2=NC(=O)C3=CC4=CC=CC=C4S3,Active,IC50,190.0,6.721246399047171
273,COC1=CC=C(C=C1)OC2CCN(CC2)C3=NC4=C(C=CN=C4)N=C3NC5CC5,Active,IC50,190.0,6.721246399047171
274,C1CN2C(=N1)SSC2=NC(=O)C3=CC=C(C=C3)F,Active,IC50,200.0,6.698970004336019
275,C1CC1NC2=NC3=C(C=NC=C3)N=C2N4CCC(CC4)C(=O)C5=C(C=C(C=C5F)Cl)F.C(=O)(C(F)(F)F)O,Active,IC50,200.0,6.698970004336019
276,COC1=CC=C(C=C1)C(=O)N=C2N3CCN=C3SS2,Active,IC50,210.0,6.6777807052660805
277,C1CN2C(=N1)SSC2=NC(=O)C3=CC(=CC=C3)F,Active,IC50,220.0,6.657577319177793
278,C1CN(CCN1CC2=C(C=C(C=C2)F)F)C3=NC4=C(C=NC=C4)N=C3NCC(F)F.C(=O)(C(F)(F)F)O,Active,IC50,230.0,6.638272163982407
279,C1CN2C(=N1)SSC2=NC(=O)C3=CC(=CC=C3)F,Active,IC50,240.0,6.619788758288394
280,C1CN2C(=N1)SSC2=NC(=O)C3=CC=CO3,Active,IC50,250.0,6.6020599913279625
281,COCCNC1=NC2=C(C=C(C=C2)C#N)N=C1N3CCC(CC3)CC4=C(C=C(C=C4)F)F,Active,IC50,250.0,6.6020599913279625
282,C1CC1NC2=NC3=C(C=C(C=C3)C#N)N=C2N4CCN(CC4)CC5=C(C=CC(=C5)Cl)Cl,Active,IC50,250.0,6.6020599913279625
283,C1CN(C(=S)N1)C(=S)NC(=O)C2=CC3=CC=CC=C3S2,Active,IC50,260.0,6.585026652029182
284,C1CC1NC2=NC3=CN=NC=C3N=C2N4CCN(CC4)CC5=C(C=C(C=C5)F)F.C(=O)(C(F)(F)F)O,Active,IC50,260.0,6.585026652029182
285,C1CN2C(=N1)SSC2=NC(=O)C3=CC=C(C=C3)Cl,Active,IC50,270.0,6.568636235841012
286,C1CC1NC2=NC3=C(C=NC=C3)N=C2N4CCN(CC4)CC5=C(C=CC(=C5)Cl)OC(F)F.C(=O)(C(F)(F)F)O,Active,IC50,270.0,6.568636235841012
287,CC(C)NC1=CC(=CC(=C1)C(=O)C2CCN(CC2)C3=NC4=C(C=C(C=C4)C#N)N=C3NC(C)C)Cl,Active,IC50,276.0,6.559090917934782
288,C1CC(C1)NC2=NC3=C(C=C(C=C3)C#N)N=C2N4CCN(CC4)C(=O)C5=CC=C(C=C5)Cl,Active,IC50,300.0,6.522878745280337
289,COC1=CC=CC(=C1)C(=O)N=C2N3CCN=C3SS2,Active,IC50,310.0,6.508638306165727
290,C1CC1NC2=NC3=C(C=NC=C3)N=C2N4CCC(CC4)OC5=CC=C(C=C5)Cl.C(=O)(C(F)(F)F)O,Active,IC50,310.0,6.508638306165727
291,CC(C)NC1=NC2=C(C=C(C=C2)C#N)N=C1N3CCN(CC3)CC4=C(C=CC(=C4)F)F.C(=O)(C(F)(F)F)O,Active,IC50,310.0,6.508638306165727
292,CC(C)NC1=NC2=C(C=C(C=C2)C#N)N=C1N3CCN(CC3)CC4=C(C=CC(=C4)Cl)Cl.C(=O)(C(F)(F)F)O,Active,IC50,310.0,6.508638306165727
293,C1CN2C(=N1)SSC2=NC(=O)C3=CC=NO3,Active,IC50,330.0,6.481486060122112
294,C1CC1NC2=NC3=C(C=CC(=C3)C#N)N=C2N4CCN(CC4)C(=O)C5=CC=C(C=C5)Cl.C(=O)(C(F)(F)F)O,Active,IC50,340.0,6.468521082957745
295,COCCNC1=NC2=C(C=C(C=C2)C#N)N=C1N3CCC(CC3)C(C4=C(C=C(C=C4)F)F)F,Active,IC50,340.0,6.468521082957745
296,C1CN2C(=N1)SSC2=NC(=O)C3=CC=CC=C3F,Active,IC50,350.0,6.455931955649724
297,CC1=C(C(=NO1)C)C(=O)N=C2N3CCN=C3SS2,Active,IC50,350.0,6.455931955649724
298,C1CN2C(=N1)SSC2=NC(=O)C3=CC=C(C=C3)F,Active,IC50,370.0,6.431798275933005
299,CC(C)(C)C1=CC=C(C=C1)C(=O)N=C2N3CCN=C3SS2,Active,IC50,370.0,6.431798275933005
300,CC1=NC=CC2=C1N=C(C(=N2)NC3CC3)N4CCC(CC4)CN5C=CC(=CC5=O)F,Active,IC50,380.0,6.42021640338319
301,CC1=CC(=C(C=C1)C)CN2CCN(CC2)C3=NC4=C(C=CN=C4)N=C3NC5CC5.C(=O)(C(F)(F)F)O,Active,IC50,380.0,6.42021640338319
302,C1CC1NC2=NC3=C(C=C(C=C3)C#N)N=C2N4CCN(CC4)CC5=C(C=CC(=C5)F)F.C(=O)(C(F)(F)F)O,Active,IC50,380.0,6.42021640338319
303,CC1=NC=CC2=C1N=C(C(=N2)NC3CC3)N4CCC(CC4)CN5C=CC(=CC5=O)F.C(=O)(C(F)(F)F)O,Active,IC50,380.0,6.42021640338319
304,C1CN(CCN1CC2=C(C=C(C=C2)F)F)C3=NC4=C(C=CC(=C4)C#N)N=C3NCCC(F)(F)F.C(=O)(C(F)(F)F)O,Active,IC50,390.0,6.4089353929735005
305,C1CN(CCC1CC2=C(C=C(C=C2)F)F)C3=NC4=C(C=CC(=C4)C#N)N=C3NC5=CN=CC=C5.C(=O)(C(F)(F)F)O,Active,IC50,390.0,6.4089353929735005
306,COC1=CC=CC(=C1)C(=O)N=C2N3CCN=C3SS2,Active,IC50,400.0,6.3979400086720375
307,C1CN(CCN1CC2=CC(=C(C=C2F)F)F)C3=NC4=C(C=NC=C4)N=C3NC5=CN=CC=C5.C(=O)(C(F)(F)F)O,Active,IC50,400.0,6.3979400086720375
308,C1CN2C(=N1)SSC2=NC(=O)C3=C(C=C(C=C3)F)F,Active,IC50,410.0,6.3872161432802645
309,C1CC1NC2=NC3=C(C=C(C=C3)C#N)N=C2N4CCN(CC4)S(=O)(=O)C5=CC=C(S5)Br.C(=O)(C(F)(F)F)O,Active,IC50,420.0,6.376750709602099
310,C1CN2C(=N1)SSC2=NC(=O)C3=CC=CS3,Active,IC50,420.0,6.376750709602099
311,C1CN(CCN1CC2=C(C=CC(=C2)Cl)Cl)C3=NC4=C(C=C(C=C4)C#N)N=C3NC5=CN=CC=C5,Active,IC50,440.0,6.356547323513812
312,C1CN2C(=N1)SSC2=NC(=O)C3=CC=CC=C3,Active,IC50,440.0,6.356547323513812
313,C1CN2C(=N1)SSC2=NC(=O)C3=CC=CC4=CC=CC=C43,Active,IC50,450.0,6.346787486224656
314,C1CN(C(=S)N1)C(=S)NC(=O)C2=CC=C(C=C2)Cl,Active,IC50,450.0,6.346787486224656
315,CC1=CC(=C(C=C1Cl)C)S(=O)(=O)N2CCN(CC2)C3=NC4=C(C=CC(=C4)C#N)N=C3NC5CC5.C(=O)(C(F)(F)F)O,Active,IC50,450.0,6.346787486224656
316,CC1=C(C(=NO1)C)C(=O)N=C2N3CCN=C3SS2,Active,IC50,460.0,6.337242168318426
317,CSC1=CC(=C(C=C1)F)C(=O)C2CCN(CC2)C3=NC4=C(C=CN=C4)N=C3NC5CC5.C(=O)(C(F)(F)F)O,Active,IC50,478.0,6.320572103387882
318,C1CN(C(=S)N1)C(=S)NC(=O)C2=CC=C(C=C2)F,Active,IC50,480.0,6.318758762624412
319,CC(=O)N1CCC2=C(C1)N=C(C(=N2)N3CCC(CC3)OC4=C(C=C(C=C4)F)F)N[C@H]5CCOC5,Active,IC50,505.0,6.296708621881338
320,CS(=O)(=O)C1=CC=C(C=C1)C(=O)N2CCN(CC2)C3=NC4=CC=CC=C4N=C3NC5CC5.C(=O)(C(F)(F)F)O,Active,IC50,530.0,6.275724130399211
321,CC(C)(C)NC1=NC2=C(C=NC(=C2)C#N)N=C1N3CCC(CC3)OC4=C(C=C(C=C4)F)F,Active,IC50,538.0,6.269217724333611
322,C1CC1NC2=NC3=C(C=C(C=C3)C#N)N=C2N4CCN(CC4)S(=O)(=O)C5=CC=C(C=C5)Cl.C(=O)(C(F)(F)F)O,Active,IC50,570.0,6.2441251443275085
323,C1CN2C(=N1)SSC2=NC(=O)C3=CC=C(C=C3)C(F)(F)F,Active,IC50,570.0,6.2441251443275085
324,C1CN2C(=N1)SSC2=NC(=O)C3=CC=C(C=C3)Cl,Active,IC50,640.0,6.1938200260161125
325,C1CC1NC2=NC3=CC=CC(=C3N=C2N4CCN(CC4)CC5=C(C=CC(=C5)Cl)Cl)C#N.C(=O)(C(F)(F)F)O,Active,IC50,650.0,6.187086643357144
326,CC(C)(C)C1=CC=C(C=C1)C(=O)N=C2N3CCN=C3SS2,Active,IC50,650.0,6.187086643357144
327,C1CN2C(=N1)SSC2=NC(=O)C3=CN=CC=C3,Active,IC50,670.0,6.173925197299173
328,COCCNC1=NC2=C(C=NC=C2)N=C1N3CCC(CC3)OC4=C(C=C(C=C4)F)F.C(=O)(C(F)(F)F)O,Active,IC50,670.0,6.173925197299173
329,C1CN(C(=S)N1)C(=S)NC(=O)C2=CC3=CC=CC=C3C=C2,Active,IC50,710.0,6.1487416512809245
330,COC1=CC(=C(C=C1)C(=O)C2CCN(CC2)C3=NC4=C(C=CN=C4N5CCOCC5)N=C3NC6CC6)F.C(=O)(C(F)(F)F)O,Active,IC50,717.0,6.1444808443322
331,CC1=C(C=CC(=C1)C(=O)N2CCN(CC2)C3=NC4=CC=CC=C4N=C3NC5CC5)Cl.C(=O)(C(F)(F)F)O,Active,IC50,720.0,6.142667503568731
332,CC1=CC2=C(C=N1)N=C(C(=N2)NC3CC3)N4CCC(CC4)CN5C=C(C=CC5=O)Cl,Active,IC50,770.0,6.113509274827518
333,CC1=CC2=C(C=N1)N=C(C(=N2)NC3CC3)N4CCC(CC4)CN5C=C(C=CC5=O)Cl.C(=O)(C(F)(F)F)O,Active,IC50,770.0,6.113509274827518
334,CC1=CC(=CC=C1)C(=O)N=C2N3CCN=C3SS2,Active,IC50,790.0,6.102372908709558
335,C1CC1NC2=NC3=CC(=C(C=C3N=C2N4CCN(CC4)CC5=C(C=CC(=C5)Cl)Cl)F)F.C(=O)(C(F)(F)F)O,Active,IC50,800.0,6.096910013008056
336,COC1=CC=C(C=C1)C(=O)N=C2N3CCN=C3SS2,Active,IC50,830.0,6.080921907623926
337,CC1=CC(=CC=C1)CN2CCN(CC2)C3=NC4=C(C=CC=N4)N=C3NC5CC5,Active,IC50,840.0,6.075720713938118
338,C1CN(C(=S)N1)C(=S)NC(=O)C2=CN=CC=C2,Active,IC50,850.0,6.070581074285707
339,C1CC1NC2=NC3=C(C=C(C=C3)C#N)N=C2N4CCC(CC4)CN5C=C(C=CC5=O)Cl,Active,IC50,930.0,6.031517051446064
340,CN(C)C(=O)C1=NC=C2C(=C1)N=C(C(=N2)N3CCN(CC3)CC4=C(C=C(C=C4)OC)F)NC5CC5.C(=O)(C(F)(F)F)O,Active,IC50,939.0,6.027334407733889
341,C1CN(CCN1C2=NC3=C(C=CC(=C3)C#N)N=C2NCCF)C(=O)C4=CC=C(C=C4)Cl.C(=O)(C(F)(F)F)O,Active,IC50,960.0,6.017728766960431
342,CC1=C(C=C(C=C1Cl)F)S(=O)(=O)N2CCN(CC2)C3=NC4=C(C=CC(=C4)C#N)N=C3NC5CC5.C(=O)(C(F)(F)F)O,Active,IC50,960.0,6.017728766960431
343,CC(C)NC1=NC2=CN=NC=C2N=C1N3CCC(CC3)OC4=CC=CC(=C4)OC.C(=O)(C(F)(F)F)O,Active,IC50,1000.0,6.0
344,CCOC1=CC=C(C=C1)OC2CCN(CC2)C3=NC4=C(C=CN=C4)N=C3NC5CC5.C(=O)(C(F)(F)F)O,Active,IC50,1023.0,5.99012436628784
345,CS(=O)(=O)C1=CC(=C(C=C1)C(=O)N2CCN(CC2)C3=NC4=CC=CC=C4N=C3NC5CC5)Cl,Active,IC50,1030.0,5.987162775294828
346,C1CC1NC2=NC3=C(C=NC=C3)N=C2N4CCC(CC4)OC5=C(C=CC(=C5)F)F.C(=O)(C(F)(F)F)O,Active,IC50,1100.0,5.958607314841775
347,C1CC1NC2=NC3=C(C=NC=C3)N=C2N4CCC(CC4)OC5=C(C=C(C=C5)F)F.C(=O)(C(F)(F)F)O,Active,IC50,1100.0,5.958607314841775
348,C1CC1NC2=NC3=C(N=CC=C3)N=C2N4CCN(CC4)CC5=C(C=CC(=C5)Cl)Cl,Active,IC50,1130.0,5.94692155651658
349,C1CN(CCN1CC2=CC(=CC=C2)Cl)C3=NC4=CC=CC=C4N=C3NC5=CN=CC=C5.C(=O)(C(F)(F)F)O,Active,IC50,1200.0,5.920818753952375
350,C1CN(C(=S)N1)C(=S)NC(=O)C2=CC=C(C=C2)F,Active,IC50,1250.0,5.903089986991944
351,C1CC1NC2=NC3=C(C=C(C=C3)C#N)N=C2N4CCN(CC4)S(=O)(=O)C5=C(C=C(C=C5)C(F)(F)F)Cl.C(=O)(C(F)(F)F)O,Active,IC50,1300.0,5.886056647693163
352,C1CC1NC2=NC3=C(C=C(C=C3)C#N)N=C2N4CCN(CC4)S(=O)(=O)C5=C(C=CC(=C5)C(F)(F)F)Cl.C(=O)(C(F)(F)F)O,Active,IC50,1360.0,5.866461091629782
353,C1CC1NC2=NC3=C(C=C(C=C3)Br)N=C2N4CCC(CC4)OC5=C(C=C(C=C5)F)F.C(=O)(C(F)(F)F)O,Active,IC50,1430.0,5.844663962534938
354,C1CC1NC2=NC3=CC(=C(C=C3N=C2N4CCN(CC4)CC5=C(C=CC(=C5)F)F)F)F.C(=O)(C(F)(F)F)O,Active,IC50,1470.0,5.8326826652518236
355,C1CC1NC2=NC3=C(C=CC=C3N=C2N4CCN(CC4)CC5=C(C=CC(=C5)Cl)Cl)C#N.C(=O)(C(F)(F)F)O,Active,IC50,1490.0,5.826813731587726
356,C1CC1NC2=NC3=C(C=NC=C3)N=C2N4CCC(CC4)OC5=CC=CC=C5Cl.C(=O)(C(F)(F)F)O,Active,IC50,1510.0,5.821023052706831
357,C1CN(C(=S)N1)C(=S)NC(=O)C2=CC=C(C=C2)C(F)(F)F,Active,IC50,1570.0,5.804100347590767
358,C[C@@H](CO)NC1=NC2=CC=CC=C2N=C1N3CCN(CC3)CC4=C(C=CC(=C4)Cl)Cl.C(=O)(C(F)(F)F)O,Active,IC50,1570.0,5.804100347590767
359,C[C@H](CO)NC1=NC2=CC=CC=C2N=C1N3CCN(CC3)CC4=C(C=CC(=C4)Cl)Cl.C(=O)(C(F)(F)F)O,Active,IC50,1570.0,5.804100347590767
360,CN(C)C(=O)C1=NC=C2C(=C1)N=C(C(=N2)N3CCN(CC3)C(=O)C4=C(C=CC(=C4)F)Cl)NC5CC5,Active,IC50,1572.0,5.803547458296611
361,C1CC1NC2=NC3=C(C=CC=C3Br)N=C2N4CCN(CC4)CC5=C(C=CC(=C5)Cl)Cl.C(=O)(C(F)(F)F)O,Active,IC50,1640.0,5.785156151952302
362,C1CN(CCN1CC2=C(C=CC(=C2)Cl)Cl)C3=NC4=CC=CC=C4N=C3NC5=NN=CC=C5.C(=O)(C(F)(F)F)O,Active,IC50,1670.0,5.777283528852417
363,CC(=O)C1=CC=C(C=C1)OC2CCN(CC2)C3=NC4=C(C=CN=C4)N=C3NC5CC5.C(=O)(C(F)(F)F)O,Active,IC50,1740.0,5.7594507517174005
364,C1CC1NC2=NC3=C(C=C(C=C3)C#N)N=C2N4CCN(CC4)S(=O)(=O)C5=CC=CC=C5Br,Active,IC50,1850.0,5.732828271596986
365,COC1=CC=CC=C1C(=O)C2CCN(CC2)C3=NC4=C(C=CN=C4)N=C3NC5CC5.C(=O)(C(F)(F)F)O,Active,IC50,1920.0,5.71669877129645
366,COCCCNC1=NC2=CC=CC=C2N=C1N3CCN(CC3)CC4=C(C=CC(=C4)Cl)Cl,Active,IC50,1940.0,5.7121982700697735
367,C1CC1NC2=NC3=C(C=NC=C3)N=C2N4CCC(CC4)OC5=CC=C(C=C5)C#N,Active,IC50,1940.0,5.7121982700697735
368,C1CN(C(=S)N1)C(=S)NC(=O)C2=CC=CS2,Active,IC50,1960.0,5.707743928643524
369,C1CN(C(=S)N1)C(=S)NC(=O)C2=CC=C(C=C2)Cl,Active,IC50,1970.0,5.7055337738384075
370,CC(=O)N1CCC2=C(C1)N=C(C(=N2)N3CCC(CC3)OC4=C(C=C(C=C4)F)F)NC5CCOC5,Active,IC50,1970.0,5.7055337738384075
371,C1CC1NC2=NC3=CC=CC=C3N=C2N4CCN(CC4)CC5=C(C=CC(=C5)Cl)Cl.C(=O)(C(F)(F)F)O,Active,IC50,2160.0,5.665546248849069
372,C1CC1NC2=NC3=C(C=NC=C3)N=C2N4CCC(CC4)C(=O)C5=C(C=CC=C5F)F.C(=O)(C(F)(F)F)O,Active,IC50,2180.0,5.661543506395395
373,C1CC1NC2=NC3=C(C=NC=C3)N=C2N4CCC(CC4)C(=O)C5=CSC=C5.C(=O)(C(F)(F)F)O,Active,IC50,2290.0,5.6401645176601125
374,C1CC1NC2=NC3=C(C=CC(=C3)Br)N=C2N4CCN(CC4)CC5=C(C=CC(=C5)Cl)Cl.C(=O)(C(F)(F)F)O,Active,IC50,2340.0,5.630784142589857
375,C1CN(CCN1CC2=C(C=CC(=C2)Cl)Cl)C3=NC4=CC=CC=C4N=C3NC5=NC=CN=C5.C(=O)(C(F)(F)F)O,Active,IC50,2340.0,5.630784142589857
376,C1CN(C(=S)N1)C(=S)NC(=O)C2=CC=NO2,Active,IC50,2430.0,5.614393726401688
377,CC1=C(C(=NO1)C2=CC=CC=C2)C(=O)N=C3N4CCN=C4SS3,Active,IC50,2460.0,5.609064892896621
378,C1CC1NC2=NC3=C(C=C(C=C3)C#N)N=C2N4CCN(CC4)S(=O)(=O)C5=CC=CC(=C5)C#N.C(=O)(C(F)(F)F)O,Active,IC50,2540.0,5.5951662833800615
379,C1CN(C(=S)N1)C(=S)NC(=O)C2=CC(=CC=C2)F,Active,IC50,2620.0,5.581698708680255
380,C1CC1NC2=NC3=C(C=NC=C3)N=C2N4CCN(CC4)C(=O)C5=CC=C(C=C5)C(F)F.C(=O)(C(F)(F)F)O,Active,IC50,2650.0,5.576754126063192
381,C1CC1NC2=NC3=C(C=NC=C3)N=C2N4CCC(CC4)C(=O)C5=C(N=CC=C5)Br.C(=O)(C(F)(F)F)O,Active,IC50,2740.0,5.562249437179612
382,C1CN(C(=S)N1)C(=S)NC(=O)C2=CC=CS2,Active,IC50,2790.0,5.554395796726403
383,C1CC1NC2=NC3=C(C=NC=C3)N=C2N4CCC(CC4)C(=O)C5=C(C(=CC=C5)F)Cl.Cl,Active,IC50,2800.0,5.552841968657781
384,C1CC1NC2=NC3=C(C=NC=C3)N=C2N4CCC(CC4)OC5=CC=CC=C5C#N,Active,IC50,2883.0,5.540155357611792
385,C1CC1NC2=NC3=C(C=NC=C3)N=C2N4CCC(CC4)OC5=CC=CC=C5C#N.C(=O)(C(F)(F)F)O,Active,IC50,2883.0,5.540155357611792
386,C1CN(CCN1CC2=CC(=CC=C2)Cl)C3=NC4=CC=CC=C4N=C3NC5=CC=C(C=C5)Br.C(=O)(C(F)(F)F)O,Active,IC50,3030.0,5.518557371497695
387,C1CC1CNC2=NC3=CC=CC=C3N=C2N4CCN(CC4)CC5=C(C=CC(=C5)Cl)Cl.C(=O)(C(F)(F)F)O,Active,IC50,3160.0,5.500312917381596
388,C1CN(C(=S)N1)C(=S)NC(=O)C2=CC(=CC=C2)F,Active,IC50,3190.0,5.496209316942819
389,CC1=CC(=NO1)C(=O)N2CCN(CC2)C3=NC4=CC=CC=C4N=C3NC5CC5,Active,IC50,3210.0,5.493494967595128
390,C1CN(CCN1CC2=C(C=CC(=C2)Cl)Cl)C3=NC4=CC=CC=C4N=C3NC5=CC=CC=N5.C(=O)(C(F)(F)F)O,Active,IC50,3290.0,5.482804102050025
391,CC(C)NC1=NC2=CC=CC=C2N=C1N3CCN(CC3)CC4=C(C=CC(=C4)Cl)Cl.C(=O)(C(F)(F)F)O,Active,IC50,3310.0,5.480172006224281
392,CC(C)OCCNC1=NC2=CC=CC=C2N=C1N3CCN(CC3)CC4=C(C=CC(=C4)Cl)Cl.C(=O)(C(F)(F)F)O,Active,IC50,3330.0,5.47755576649368
393,COC1=CC2=C(C=C1)N=C(C(=N2)NC3CC3)N4CCN(CC4)CC5=C(C=CC(=C5)Cl)Cl.C(=O)(C(F)(F)F)O,Active,IC50,3360.0,5.4736607226101555
394,CC1=C(C(=CC=C1)CN2CCN(CC2)C3=NC4=CC=CC=C4N=C3NC5CC5)C.C(=O)(C(F)(F)F)O,Active,IC50,3640.0,5.438898616350944
395,C1CN(C(=S)N1)C(=S)NC(=O)C2=CC=C(C=C2)C(F)(F)F,Active,IC50,3650.0,5.437707135543525
396,CC1=CC(=CC=C1)C(=O)NC(=S)N2CCNC2=S,Active,IC50,3800.0,5.42021640338319
397,C1CC1NC2=NC3=C(C=NC=C3)N=C2N4CCC(CC4)C(=O)C5=C(C=CC(=C5F)F)Cl.C(=O)(C(F)(F)F)O,Active,IC50,3900.0,5.4089353929735005
398,C1CC1NC2=NC3=CC=CC=C3N=C2N4CCN(CC4)CC5=COC6=CC=CC=C65,Active,IC50,3960.0,5.402304814074488
399,CC(C)CCNC1=NC2=CC=CC=C2N=C1N3CCN(CC3)CC4=C(C=CC(=C4)Cl)Cl.C(=O)(C(F)(F)F)O,Active,IC50,3980.0,5.400116927926312
400,C1COCCC1NC2=NC3=CC=CC=C3N=C2N4CCN(CC4)CC5=C(C=CC(=C5)Cl)Cl.C(=O)(C(F)(F)F)O,Active,IC50,4070.0,5.39040559077478
401,C1CC1NC2=NC3=C(C=C(C=C3)C#N)N=C2N4CCN(CC4)S(=O)(=O)C5=CC=C(C=C5)OC(F)(F)F.C(=O)(C(F)(F)F)O,Active,IC50,4290.0,5.367542707815275
402,C1CC1NC2=NC3=C(C=C(C=C3)C#N)N=C2N4CCN(CC4)S(=O)(=O)C5=CC=CC=C5C#N.C(=O)(C(F)(F)F)O,Active,IC50,4340.0,5.362510270487489
403,C1CN(C(=S)N1)C(=S)NC(=O)C2=CC3=CC=CC=C3S2,Active,IC50,4520.0,5.3448615651886175
404,C1CC1NC2=NC3=CC=CC=C3N=C2N4CCN(CC4)CC5=C(C=CC(=C5)F)F.C(=O)(C(F)(F)F)O,Active,IC50,4580.0,5.339134521996131
405,C1CC1NC2=NC3=C(C=C(C=C3)C#N)N=C2N4CCN(CC4)S(=O)(=O)C5=CC=CC=C5F.C(=O)(C(F)(F)F)O,Active,IC50,4590.0,5.338187314462739
406,C1CN(CCN1C2=NC3=CC=CC=C3N=C2NC4=CN=CC=C4)S(=O)(=O)C5=CC=CC=C5,Active,IC50,4630.0,5.334419008982047
407,CC1=CC=C(C=C1)S(=O)(=O)N2CCN(CC2)C3=NC4=C(C=CC(=C4)C#N)N=C3NC5CC5,Active,IC50,4740.0,5.324221658325914
408,C1CC1NC2=NC3=CC=CC=C3N=C2N4CCN(CC4)C(=O)C5=CC(=C(C=C5)F)Br.C(=O)(C(F)(F)F)O,Active,IC50,4780.0,5.320572103387882
409,C1CC1NC2=NC3=C(C=NC=C3)N=C2N4CCC(CC4)C(=O)C5=CSC(=C5)Cl.Cl,Active,IC50,4810.0,5.317854923626168
410,C1CC1NC2=NC3=C(C=C(C=C3)Br)N=C2N4CCN(CC4)CC5=C(C=CC(=C5)Cl)Cl.C(=O)(C(F)(F)F)O,Active,IC50,4820.0,5.31695296176115
411,C1CC1NC2=NC3=C(C=NC=C3)N=C2N4CCC(CC4)C(=O)C5=C(C=CC=C5Cl)F,Active,IC50,4900.0,5.309803919971486
412,CC1=CC(=C2C(=C1)N=C(C(=N2)N3CCN(CC3)CC4=C(C=CC(=C4)Cl)Cl)NC5CC5)C,Active,IC50,5310.0,5.274905478918531
413,C1CN(CCN1CC2=C(C=CC(=C2)Cl)Cl)C3=NC4=CC=CC=C4N=C3NC5=CC=C(C=C5)C#N,Active,IC50,5530.0,5.257274868695301
414,C1CC1NC2=NC3=C(C=C(C=C3)C#N)N=C2N4CCN(CC4)S(=O)(=O)C5=CC(=CC=C5)Cl,Active,IC50,5620.0,5.250263684430939
415,C1CC1NC2=NC3=CC=CC=C3N=C2N4CCN(CC4)S(=O)(=O)C5=CC=CC=C5,Active,IC50,5660.0,5.247183568811728
416,C1CN(CCN1CC2=CC(=CC=C2)Cl)C3=NC4=CC=CC=C4N=C3NC5=CC=C(C=C5)F.C(=O)(C(F)(F)F)O,Active,IC50,5730.0,5.24184537803261
417,CC1=CC=CC=C1C(=O)C2CCN(CC2)C3=NC4=C(C=CN=C4)N=C3NC5CC5.C(=O)(C(F)(F)F)O,Active,IC50,5780.0,5.2380721615794705
418,C1CN(C(=S)N1)C(=S)NC(=O)C2=CC=NO2,Active,IC50,5830.0,5.234331445240986
419,C1CC1NC2=NC3=CC=CC=C3N=C2N4CCN(CC4)CC5=C(SC(=C5)Cl)Cl.C(=O)(C(F)(F)F)O,Active,IC50,6030.0,5.219682687859849
420,CC(C)CNC1=NC2=CC=CC=C2N=C1N3CCN(CC3)CC4=C(C=CC(=C4)Cl)Cl.C(=O)(C(F)(F)F)O,Active,IC50,6030.0,5.219682687859849
421,CC(C1=CC=C(C=C1)OC2CCN(CC2)C3=NC4=C(C=CN=C4)N=C3NC5CC5)O.C(=O)(C(F)(F)F)O,Active,IC50,6040.0,5.218963061378869
422,COC1=CC=C(C=C1)NC2=NC3=CC=CC=C3N=C2N4CCN(CC4)CC5=CC(=CC=C5)Cl.C(=O)(C(F)(F)F)O,Active,IC50,6140.0,5.211831628858832
423,C1CCC(C1)NC2=NC3=CC=CC=C3N=C2N4CCN(CC4)C(=O)C5=C(C=CC(=C5)Cl)Cl.C(=O)(C(F)(F)F)O,Active,IC50,6150.0,5.211124884224583
424,C1CN(C(=S)N1)C(=S)NC(=O)C2=CN=CC=C2,Active,IC50,6560.0,5.1830961606243395
425,C[C@H](C(=O)N1CCC2=C(C1)N=C(C(=N2)NCC(F)F)N3CCC(CC3)OC4=C(C=C(C=C4)F)F)OC,Active,IC50,6600.0,5.180456064458131
426,C[C@H](C(=O)N1CCC2=C(C1)N=C(C(=N2)NCC(F)F)N3CCC(CC3)OC4=C(C=C(C=C4)F)F)OC.C(=O)(C(F)(F)F)O,Active,IC50,6600.0,5.180456064458131
427,C1CC1NC2=NC3=CC=CC=C3N=C2N4CCN(CC4)C(=O)C5=C(C=CC(=C5)Cl)Cl.C(=O)(C(F)(F)F)O,Active,IC50,6640.0,5.1778319206319825
428,C1CC1NC2=NC3=C(C=NC=C3)N=C2N4CCC(CC4)C(=O)C5=CC=CS5.C(=O)(C(F)(F)F)O,Active,IC50,6750.0,5.170696227168975
429,C1CC1NC2=NC3=C(C=NC=C3)N=C2N4CCC(CC4)C(=O)C5=CC=CC(=C5)C#N.C(=O)(C(F)(F)F)O,Active,IC50,7210.0,5.142064735280571
430,C1CC1NC2=NC3=C(C=NC=C3)N=C2N4CCC(CC4)C(=O)C5=CC=CC(=C5)C#N,Active,IC50,7210.0,5.142064735280571
431,COC1=CC(=C(C=C1)Br)C(=O)N2CCN(CC2)C3=NC4=CC=CC=C4N=C3NC5CC5.C(=O)(C(F)(F)F)O,Active,IC50,7550.0,5.1220530483708115
432,C1CN(CCN1CC2=CC(=CC=C2)Cl)C3=NC4=C(N=CC=C4)N=C3NC5=CC=CC=C5.C(=O)(C(F)(F)F)O,Active,IC50,7670.0,5.115204636051018
433,C[C@@H](C(=O)N1CCC2=C(C1)N=C(C(=N2)NCC(F)F)N3CCC(CC3)OC4=C(C=C(C=C4)F)F)OC,Active,IC50,8300.0,5.080921907623926
434,C[C@@H](C(=O)N1CCC2=C(C1)N=C(C(=N2)NCC(F)F)N3CCC(CC3)OC4=C(C=C(C=C4)F)F)OC.C(=O)(C(F)(F)F)O,Active,IC50,8300.0,5.080921907623926
435,C1CC1NC2=NC3=C(C=NC=C3)N=C2N4CCC(CC4)C(=O)C5=CC(=C(C=C5)F)F.C(=O)(C(F)(F)F)O,Active,IC50,8390.0,5.076238039171299
436,CC(C)NC1=NC2=C(CN(CC2)C(=O)C)N=C1N3CCC(CC3)C(C4=C(C=C(C=C4)F)F)F,Active,IC50,8500.0,5.070581074285707
437,CC(C)NC1=NC2=C(CN(CC2)C(=O)C)N=C1N3CCC(CC3)C(C4=C(C=C(C=C4)F)F)F.C(=O)(C(F)(F)F)O,Active,IC50,8500.0,5.070581074285707
438,CC(C)NC1=NC2=C(CN(CC2)C)N=C1N3CCC(CC3)C(=O)C4=C(C=CC(=C4)Cl)F,Active,IC50,8800.0,5.055517327849831
439,CC(C)NC1=NC2=C(CN(CC2)C)N=C1N3CCC(CC3)C(=O)C4=C(C=CC(=C4)Cl)F.C(=O)(C(F)(F)F)O,Active,IC50,8800.0,5.055517327849831
440,CN(C)C(=O)N1CCC2=C(C1)N=C(C(=N2)NCC(F)F)N3CCC(CC3)OC4=C(C=C(C=C4)F)F,Active,IC50,9100.0,5.040958607678906
441,CN(C)C(=O)N1CCC2=C(C1)N=C(C(=N2)NCC(F)F)N3CCC(CC3)OC4=C(C=C(C=C4)F)F.C(=O)(C(F)(F)F)O,Active,IC50,9100.0,5.040958607678906
442,CN1CCC2=C(C1)N=C(C(=N2)NC3CC3)N4CCC(CC4)C(C5=C(C=C(C=C5)F)F)F,Active,IC50,9400.0,5.026872146400301
443,CN1CCC2=C(C1)N=C(C(=N2)NC3CC3)N4CCC(CC4)C(C5=C(C=C(C=C5)F)F)F.C(=O)(C(F)(F)F)O,Active,IC50,9400.0,5.026872146400301
444,C1CC1NC2=NC3=C(C=C(C=C3)F)N=C2N4CCN(CC4)S(=O)(=O)C5=CC=CC=C5,Active,IC50,9440.0,5.025028005701931
445,CC(C)NC1=NC2=C(CN(CC2)C(=O)C)N=C1N3CCC(CC3)OC4=C(C=C(C=C4)F)F,Active,IC50,9500.0,5.022276394711152
446,CC(C)NC1=NC2=C(CN(CC2)C(=O)C)N=C1N3CCC(CC3)OC4=C(C=C(C=C4)F)F.Cl,Active,IC50,9500.0,5.022276394711152
447,CC(C)NC1=NC2=C(CN(CC2)C(=O)C)N=C1N3CCC(CC3)C(=O)C4=C(C=CC(=C4)Cl)F,Active,IC50,9800.0,5.008773924307505
448,CC(C)NC1=NC2=C(CN(CC2)C(=O)C)N=C1N3CCC(CC3)C(=O)C4=C(C=CC(=C4)Cl)F.C(=O)(C(F)(F)F)O,Active,IC50,9800.0,5.008773924307505
449,CC(C)NC1=NC2=C(CCN(C2)C(=O)N(C)C)N=C1N3CCC(CC3)OC4=C(C=C(C=C4)F)F,Inactive,IC50,10400.0,4.982966660701219
450,CC1CC2=C(CN1S(=O)(=O)C)N=C(C(=N2)NCC(F)F)N3CCC(CC3)OC4=C(C=C(C=C4)F)F,Inactive,IC50,10400.0,4.982966660701219
451,CC(C)NC1=NC2=C(CCN(C2)C=O)N=C1N3CCC(CC3)[C@@H](C4=C(C=C(C=C4)F)F)F,Inactive,IC50,11400.0,4.943095148663527
452,CC(=O)N1CCC2=C(C1)N=C(C(=N2)NCC(F)F)N3CCC(CC3)OC4=C(C=C(C=C4)F)F,Inactive,IC50,11500.0,4.939302159646388
453,CC(=O)N1CCC2=C(C1)N=C(C(=N2)NC3CCC3)N4CCC(CC4)OC5=C(C=C(C=C5)OC)F,Inactive,IC50,12000.0,4.920818753952375
454,CC(C)NC1=NC2=C(CCN(C2)C(=O)C)N=C1N3CCC(CC3)C(C4=C(C=C(C=C4)F)F)F,Inactive,IC50,13400.0,4.872895201635193
455,CC(C)NC1=NC2=C(CCN(C2)C)N=C1N3CCC(CC3)C(=O)C4=C(C=CC(=C4)Cl)F,Inactive,IC50,13700.0,4.863279432843593
456,CC(C)NC1=NC2=C(CCN(C2)C)N=C1N3CCC(CC3)OC4=C(C=CC(=C4)Cl)F,Inactive,IC50,13700.0,4.863279432843593
457,CC(C)NC1=NC2=C(CCN(C2)C(=O)C)N=C1N3CCC(CC3)OC4=C(C=C(C=C4)F)F,Inactive,IC50,13800.0,4.860120913598763
458,CN(C)C(=O)N1CCC2=C(C1)N=C(C(=N2)NC3CCC3)N4CCC(CC4)OC5=C(C=C(C=C5)OC)F,Inactive,IC50,13800.0,4.860120913598763
459,CC(C)NC1=NC2=C(CN(CC2)C(=O)N(C)C)N=C1N3CCC(CC3)OC4=C(C=C(C=C4)F)F,Inactive,IC50,13800.0,4.860120913598763
460,CC(C)NC1=NC2=C(CCN(C2)C(=O)C)N=C1N3CCC(CC3)OC4=C(C=CC(=C4)Cl)F,Inactive,IC50,13800.0,4.860120913598763
461,CC(C)NC1=NC2=C(CN(CC2)C(=O)NCCOC)N=C1N3CCC(CC3)OC4=C(C=C(C=C4)F)F,Inactive,IC50,14900.0,4.826813731587726
462,CN1CCC2=C(C1)N=C(C(=N2)NC3CC3)N4CCC(CC4)[C@@H](C5=C(C=C(C=C5)F)F)F,Inactive,IC50,15200.0,4.818156412055227
463,CC(C)NC1=NC2=C(CN(CC2)C(=O)N(C)C)N=C1N3CCC(CC3)OC4=C(C=C(C=C4)OC)F,Inactive,IC50,16600.0,4.779891911959945
464,CC(C)NC1=NC2=C(CCN(C2)C(=O)C(C)OC)N=C1N3CCC(CC3)OC4=C(C=C(C=C4)F)F,Inactive,IC50,16800.0,4.774690718274137
465,CC(C)NC1=NC2=C(CN(CC2)C)N=C1N3CCC(CC3)C(C4=C(C=C(C=C4)F)F)F,Inactive,IC50,17100.0,4.767003889607846
466,CC(C)NC1=NC2=C(CN(CC2)C(=O)COC)N=C1N3CCC(CC3)OC4=C(C=C(C=C4)F)F,Inactive,IC50,17300.0,4.761953896871205
467,CC(C)NC1=NC2=C(CCN(C2)C(=O)C3CCCO3)N=C1N4CCC(CC4)OC5=C(C=C(C=C5)F)F,Inactive,IC50,17900.0,4.747146969020107
468,CC(C)NC1=NC2=C(CN(CC2)C(=O)CC#N)N=C1N3CCC(CC3)OC4=C(C=C(C=C4)F)F,Inactive,IC50,18000.0,4.7447274948966935
469,CC1CC2=C(CN1C(=O)[C@@H](C)OC)N=C(C(=N2)NCC(F)F)N3CCC(CC3)OC4=C(C=C(C=C4)F)F,Inactive,IC50,18500.0,4.732828271596986
470,CC(C)NC1=NC2=C(CN(CC2)C(=O)C3CCCO3)N=C1N4CCC(CC4)OC5=C(C=C(C=C5)F)F,Inactive,IC50,19500.0,4.709965388637482
471,CC(C)NC1=NC2=C(CCN(C2)C(=O)N(C)C)N=C1N3CCC(CC3)C(C4=C(C=C(C=C4)F)F)F,Inactive,IC50,19700.0,4.705533773838407
472,CC(=O)N1CCC2=C(C1)N=C(C(=N2)N3CCC(CC3)OC4=C(C=C(C=C4)OC)F)NC5CCC5,Inactive,IC50,19900.0,4.701146923590294
473,CC1CC2=C(CN1C(=O)[C@H](C)OC)N=C(C(=N2)NCC(F)F)N3CCC(CC3)OC4=C(C=C(C=C4)F)F,Inactive,IC50,20900.0,4.679853713888946
474,CC1CC2=C(CN1C(=O)C(F)F)N=C(C(=N2)NCC(F)F)N3CCC(CC3)OC4=C(C=C(C=C4)F)F,Inactive,IC50,22100.0,4.655607726314889
475,CC1CC2=C(CN1C(=O)COC)N=C(C(=N2)NCC(F)F)N3CCC(CC3)OC4=C(C=C(C=C4)F)F,Inactive,IC50,23000.0,4.638272163982407
476,CC1CC2=C(CN1C)N=C(C(=N2)NCC(F)F)N3CCC(CC3)OC4=C(C=C(C=C4)F)F,Inactive,IC50,23200.0,4.634512015109101
477,CC(C)NC1=NC2=C(CCN(C2)C=O)N=C1N3CCC(CC3)[C@H](C4=C(C=C(C=C4)F)F)F,Inactive,IC50,23600.0,4.627087997029894
478,CC(C)NC1=NC2=C(CN(CC2)C(=O)N(C)C)N=C1N3CCC(CC3)C(C4=C(C=C(C=C4)F)F)F,Inactive,IC50,23700.0,4.6252516539898965
479,CC1CC2=C(CN1C(=O)C3CC3)N=C(C(=N2)NCC(F)F)N4CCC(CC4)OC5=C(C=C(C=C5)F)F,Inactive,IC50,23900.0,4.621602099051862
480,CC(C)NC1=NC2=C(CCN(C2)C(=O)C)N=C1N3CCC(CC3)OC4=C(C=C(C=C4)F)F,Inactive,IC50,24600.0,4.609064892896621
481,CC(C)NC1=NC2=C(CN(CC2)C(=O)N(C)C)N=C1N3CCC(CC3)C(=O)C4=C(C=CC(=C4)Cl)F,Inactive,IC50,24900.0,4.603800652904264
482,CC1CC2=C(CN1C(=O)C)N=C(C(=N2)NCC(F)F)N3CCC(CC3)OC4=C(C=C(C=C4)F)F,Inactive,IC50,24900.0,4.603800652904264
483,CN1CCC2=C(C1)N=C(C(=N2)NC3CC3)N4CCC(CC4)[C@H](C5=C(C=C(C=C5)F)F)F,Inactive,IC50,26500.0,4.576754126063192
484,CC(C)NC1=NC2=C(CN(CC2)C)N=C1N3CCC(CC3)OC4=C(C=C(C=C4)OC)F,Inactive,IC50,26600.0,4.575118363368933
485,CN(C)C(=O)N1CCC2=C(C1)N=C(C(=N2)N3CCC(CC3)OC4=C(C=C(C=C4)F)F)NCC(F)F,Inactive,IC50,26900.0,4.570247719997592
486,CC(C)NC1=NC2=C(CCN(C2)C(=O)C)N=C1N3CCN(CC3)CC4=C(C=C(C=C4)F)F,Inactive,IC50,27000.0,4.568636235841013
487,CC(C)NC1=NC2=C(CCN(C2)C(=O)C)N=C1N3CCC(CC3)[C@@H](C4=C(C=C(C=C4)F)F)F,Inactive,IC50,27400.0,4.562249437179612
488,CCC(=O)N1CCC2=C(C1)N=C(C(=N2)N3CCC(CC3)OC4=C(C=C(C=C4)F)F)NC(C)C,Inactive,IC50,27600.0,4.559090917934783
489,CC(C)NC1=NC2=C(CCN(C2)S(=O)(=O)C)N=C1N3CCN(CC3)CC4=C(C=C(C=C4)F)F,Inactive,IC50,27900.0,4.554395796726403
490,CC(C)C(=O)N1CCC2=C(C1)N=C(C(=N2)N3CCN(CC3)CC4=C(C=C(C=C4)F)F)NC(C)C,Inactive,IC50,29000.0,4.5376020021010435
491,CC(C)NC1=NC2=C(CCN(C2)C(=O)NCCOC)N=C1N3CCC(CC3)OC4=C(C=C(C=C4)F)F,Inactive,IC50,29800.0,4.525783735923745
492,CC(C)NC1=NC2=C(CCN(C2)C)N=C1N3CCC(CC3)C(C4=C(C=C(C=C4)F)F)F,Inactive,IC50,30300.0,4.518557371497695
493,CCC(=O)N1CCC2=C(C1)N=C(C(=N2)N3CCN(CC3)CC4=C(C=C(C=C4)F)F)NC(C)C,Inactive,IC50,30900.0,4.510041520575165
494,CC1CC2=C(CN1C(=O)N(C)C)N=C(C(=N2)NCC(F)F)N3CCC(CC3)OC4=C(C=C(C=C4)F)F,Inactive,IC50,31400.0,4.503070351926785
495,CN(C)C(=O)N1CCC2=C(C1)N=C(C(=N2)N3CCC(CC3)OC4=C(C=C(C=C4)OC)F)NC5CCC5,Inactive,IC50,32500.0,4.488116639021126
496,CC(C)NC1=NC2=C(CCN(C2)C(=O)N(C)C)N=C1N3CCC(CC3)C(=O)C4=C(C=CC(=C4)Cl)F,Inactive,IC50,32700.0,4.485452247339714
497,CC(C)NC1=NC2=C(CCN(C2)C(=O)N(C)C)N=C1N3CCC(CC3)OC4=C(C=CC(=C4)Cl)F,Inactive,IC50,32700.0,4.485452247339714
498,CC(C)NC1=NC2=C(CCN(C2)C(=O)C)N=C1N3CCC(CC3)OC4=C(C=C(C=C4)F)F,Inactive,IC50,33700.0,4.4723700991286615
499,CC(C)NC1=NC2=C(CCN(C2)C(=O)N(C)C)N=C1N3CCC(CC3)OC4=C(C=C(C=C4)OC)F,Inactive,IC50,35000.0,4.455931955649724
500,CC(=O)N1CCC2=C(C1)N=C(C(=N2)N3CCC(CC3)OC4=C(C=C(C=C4)F)F)NC5CC(C5)(F)F,Inactive,IC50,35900.0,4.444905551421681
501,CC(C)NC1=NC2=C(CCN(C2)C(=O)C)N=C1N3CCC(CC3)[C@H](C4=C(C=C(C=C4)F)F)F,Inactive,IC50,37800.0,4.422508200162775
502,CC(C)NC1=NC2=C(CCN(C2)C(=O)C3=CC=NO3)N=C1N4CCC(CC4)OC5=C(C=C(C=C5)F)F,Inactive,IC50,38700.0,4.412289034981089
503,CCC(=O)N1CCC2=C(C1)N=C(C(=N2)N3CCC(CC3)OC4=C(C=C(C=C4)F)F)N[C@H]5CCOC5,Inactive,IC50,39200.0,4.406713932979542
504,CC(C)NC1=NC2=C(CN(CC2)C=O)N=C1N3CCC(CC3)OC4=C(C=C(C=C4)F)F,Inactive,IC50,43200.0,4.364516253185088
505,CC(=O)N1CCC2=C(C1)N=C(C(=N2)N3CCN(CC3)CC4=C(C=C(C=C4)F)F)NC5CCC5,Inactive,IC50,43700.0,4.359518563029578
506,CS(=O)(=O)N1CCC2=C(C1)N=C(C(=N2)N3CCC(CC3)OC4=C(C=C(C=C4)F)F)NC5CCC5,Inactive,IC50,49300.0,4.30715308072277
507,CC(=O)N1CCC2=C(C1)N=C(C(=N2)N3CCC(CC3)OC4=C(C=C(C=C4)F)F)NCC(F)F,Inactive,IC50,49700.0,4.303643611266668
508,CC1C2=C(CCN1S(=O)(=O)C)N=C(C(=N2)N3CCC(CC3)OC4=C(C=C(C=C4)F)F)NCC(F)F,Inactive,IC50,52000.0,4.2839966563652006
509,CC(=O)N1CCC2=C(C1)N=C(C(=N2)N3CCC(CC3)OC4=C(C=C(C=C4)F)F)NC5CCC5,Inactive,IC50,55000.0,4.259637310505756
510,CC(C)NC1=NC2=C(CCN(C2)C(=O)CC#N)N=C1N3CCC(CC3)OC4=C(C=C(C=C4)F)F,Inactive,IC50,55200.0,4.2580609222708015
511,CS(=O)(=O)N1CCC2=C(C1)N=C(C(=N2)N3CCC(CC3)OC4=C(C=C(C=C4)F)F)NCC(F)F,Inactive,IC50,57200.0,4.242603971206976
512,CC(=O)N1CCC2=C(C1)N=C(C(=N2)N3CCC(CC3)OC4=C(C=C(C=C4)F)F)N[C@H]5CCOC5,Inactive,IC50,58700.0,4.231361898752385
513,CCC(=O)N1CCC2=C(C1)N=C(C(=N2)N3CCN(CC3)CC4=C(C=C(C=C4)F)F)N[C@H]5CCOC5,Inactive,IC50,59100.0,4.228412519118745
514,CC1C2=C(CCN1S(=O)(=O)C)N=C(C(=N2)NC(C)C)N3CCC(CC3)OC4=C(C=C(C=C4)F)F,Inactive,IC50,59300.0,4.226945306635737
515,CC(C)NC1=NC2=C(CN(CC2)C)N=C1N3CCC(CC3)OC4=C(C=C(C=C4)F)F,Inactive,IC50,59500.0,4.22548303427145
516,CC(=O)N1CCC2=C(C1)N=C(C(=N2)N3CCC(CC3)OC4=C(C=C(C=C4)F)F)NC5CC(C5)O,Inactive,IC50,61500.0,4.211124884224583
517,CC(C)NC1=NC2=C(CCN(C2)S(=O)(=O)C)N=C1N3CCC(CC3)OC4=C(C=C(C=C4)F)F,Inactive,IC50,61800.0,4.209011524911184
518,CC[C@H](C)NC1=NC2=C(CCN(C2)C(=O)C)N=C1N3CCC(CC3)OC4=C(C=C(C=C4)F)F,Inactive,IC50,62000.0,4.2076083105017466
519,CC(C)NC1=NC2=C(CN(CC2)C(=O)C)N=C1N3CCC(CC3)OC4=C(C=C(C=C4)OC)F,Inactive,IC50,62500.0,4.204119982655925
520,CC1C2=C(CCN1C(=O)C)N=C(C(=N2)N3CCC(CC3)OC4=C(C=C(C=C4)OC)F)NC(C)C,Inactive,IC50,62500.0,4.204119982655925
521,CC(C)NC1=NC2=C(CCN(C2)C(=O)N3CCOCC3)N=C1N4CCC(CC4)OC5=C(C=C(C=C5)F)F,Inactive,IC50,62600.0,4.20342566678957
522,CC(=O)N1CCC2=C(C1)N=C(C(=N2)N3CCN(CC3)CC4=C(C=C(C=C4)F)F)N[C@@H]5CCOC5,Inactive,IC50,63200.0,4.199282921717615
523,C[C@H](C(=O)N1CCC2=C(C1)N=C(C(=N2)N3CCC(CC3)OC4=C(C=C(C=C4)F)F)NCC(F)F)OC,Inactive,IC50,64000.0,4.1938200260161125
524,CC1C2=C(CCN1C(=O)COC)N=C(C(=N2)N3CCC(CC3)OC4=C(C=C(C=C4)F)F)NCC(F)F,Inactive,IC50,68000.0,4.167491087293763
525,CC(C)NC1=NC2=C(CN(CC2)CCF)N=C1N3CCC(CC3)OC4=C(C=C(C=C4)F)F,Inactive,IC50,69200.0,4.1598939055432425
526,CC(C)NC1=NC2=C(CCN(C2)C(=O)COC)N=C1N3CCC(CC3)OC4=C(C=C(C=C4)F)F,Inactive,IC50,71500.0,4.145693958198919
527,CC1C2=C(CCN1C(=O)C)N=C(C(=N2)NC(C)C)N3CCC(CC3)OC4=C(C=C(C=C4)F)F,Inactive,IC50,73200.0,4.135488918941608
528,CC(C)NC1=NC2=C(CN(CC2)C(=O)C)N=C1N3CCC(CC3)OC4=C(C=C(C=C4)F)F,Inactive,IC50,73700.0,4.132532512140949
529,CC(C)NC1=NC2=C(CCN(C2)C(=O)C)N=C1N3CCC(CC3)OC4=C(C=C(C=C4)OC)F,Inactive,IC50,74100.0,4.130181792020672
530,CC(C)NC1=NC2=C(CCN(C2)CCF)N=C1N3CCC(CC3)OC4=C(C=C(C=C4)F)F,Inactive,IC50,74800.0,4.126098402135539
531,CC1C2=C(CCN1C(=O)C)N=C(C(=N2)N3CCC(CC3)OC4=C(C=C(C=C4)F)F)NCC(F)F,Inactive,IC50,76000.0,4.119186407719209
532,CC(=O)N1CCC2=C(C1)N=C(C(=N2)N3CCC(CC3)OC4=C(C=C(C=C4)F)F)NC5CC(C5)O,Inactive,IC50,78000.0,4.107905397309519
533,CC(C)NC1=NC2=C(CCN(C2)C(=O)[C@@H]3CCCN3C)N=C1N4CCC(CC4)OC5=C(C=C(C=C5)F)F,Inactive,IC50,78100.0,4.1073489661227
534,C1CN(CCC1OC2=C(C=C(C=C2)F)F)C3=NC4=C(CN(CC4)C(=O)C(F)F)N=C3NCC(F)F,Inactive,IC50,78800.0,4.103473782510445
535,COCC(=O)N1CCC2=C(C1)N=C(C(=N2)NCC(F)F)N3CCC(CC3)OC4=C(C=C(C=C4)F)F,Inactive,IC50,79500.0,4.0996328713435295
536,CC1C2=C(CCN1C(=O)C3CC3)N=C(C(=N2)NCC(F)F)N4CCC(CC4)OC5=C(C=C(C=C5)F)F,Inactive,IC50,85000.0,4.070581074285707
537,CC(C)NC1=NC2=C(CCN(C2)C(=O)C)N=C1N3CCC(CC3)OC4=C(C=C(C=C4)C#N)F,Inactive,IC50,86600.0,4.062482107982653
538,CC1C2=C(CCN1S(=O)(=O)C)N=C(C(=N2)NCC(F)F)N3CCC(CC3)OC4=C(C=C(C=C4)F)F,Inactive,IC50,87000.0,4.060480747381382
539,CC1C2=C(CCN1C(=O)C)N=C(C(=N2)N3CCC(CC3)OC4=C(C=C(C=C4)F)F)NC(C)C,Inactive,IC50,88000.0,4.055517327849832
540,CC(C)NC1=NC2=C(CCN(C2)C)N=C1N3CCC(CC3)OC4=C(C=C(C=C4)F)F,Inactive,IC50,90100.0,4.045275209020937
541,CC1C2=C(CCN1C(=O)COC)N=C(C(=N2)N3CCC(CC3)OC4=C(C=C(C=C4)F)F)NC(C)C,Inactive,IC50,91000.0,4.040958607678906
542,CC1C2=C(CCN1C(=O)N(C)C)N=C(C(=N2)N3CCC(CC3)OC4=C(C=C(C=C4)F)F)NCC(F)F,Inactive,IC50,93500.0,4.029188389127482
543,CC1C2=C(CCN1C(=O)C(F)F)N=C(C(=N2)NC(C)C)N3CCC(CC3)OC4=C(C=C(C=C4)F)F,Inactive,IC50,95000.0,4.022276394711152
544,CC(C)NC1=NC2=C(CN(CC2)S(=O)(=O)C)N=C1N3CCC(CC3)OC4=C(C=C(C=C4)F)F,Inactive,IC50,95600.0,4.0195421077238995
545,CC(=O)N1CCC2=C(C1)N=C(C(=N2)N3CCN(CC3)CC4=C(C=C(C=C4)F)F)N[C@H]5CCOC5,Inactive,IC50,97800.0,4.009661145212399
546,CC1C2=C(CCN1S(=O)(=O)C)N=C(C(=N2)N3CCC(CC3)OC4=C(C=C(C=C4)F)F)NC(C)C,Inactive,IC50,98000.0,4.008773924307505
547,CC(C)NC1=NC2=C(CN(CC2)C(=O)C)N=C1N3CCC(CC3)OC4=C(C=C(C=C4)C#N)F,Inactive,IC50,105000.0,3.9788107009300617
548,C[C@@H](CCO)NC1=NC2=C(CCN(C2)C(=O)C)N=C1N3CCC(CC3)OC4=C(C=C(C=C4)F)F,Inactive,IC50,107100.0,3.9702105291681447
549,CC1C2=C(CCN1C(=O)N(C)C)N=C(C(=N2)NC(C)C)N3CCC(CC3)OC4=C(C=C(C=C4)F)F,Inactive,IC50,109600.0,3.9601894458516496
550,C1CN(CCC1OC2=C(C=C(C=C2)F)F)C3=NC4=C(CCN(C4)C(=O)C(F)F)N=C3NCC(F)F,Inactive,IC50,110600.0,3.956244873031321
551,C[C@@H](C(=O)N1CCC2=C(C1)N=C(C(=N2)N3CCC(CC3)OC4=C(C=C(C=C4)F)F)NCC(F)F)OC,Inactive,IC50,111000.0,3.9546770212133424
552,CC(=O)N1CCC2=C(C1)N=C(C(=N2)N3CCC(CC3)OC4=C(C=C(C=C4)F)F)NC5CC(C5)OC(=O)C,Inactive,IC50,113500.0,3.9450041384708587
553,CC1C2=C(CCN1C(=O)C(F)F)N=C(C(=N2)N3CCC(CC3)OC4=C(C=C(C=C4)F)F)NC(C)C,Inactive,IC50,115500.0,3.9374180157718373
554,CC(C)NC1=NC2=C(CN(CC2)C(=O)C3CC3)N=C1N4CCC(CC4)OC5=C(C=C(C=C5)C#N)F,Inactive,IC50,122000.0,3.9136401693252516
555,CC(=O)N1CCC2=C(C1)N=C(C(=N2)N3CCN(CC3)CC4=C(C=C(C=C4)F)F)NC5CC(C5)O,Inactive,IC50,122000.0,3.9136401693252516
556,CC1C2=C(CCN1C(=O)C3CC3)N=C(C(=N2)N4CCC(CC4)OC5=C(C=C(C=C5)F)F)NCC(F)F,Inactive,IC50,126000.0,3.8996294548824375
557,CC(C)NC1=NC2=C(CCN(C2)C(=O)C(F)F)N=C1N3CCC(CC3)OC4=C(C=C(C=C4)F)F,Inactive,IC50,129200.0,3.8887374863409345
558,CC(C)NC1=NC2=C(CCN(C2)C(=O)OC)N=C1N3CCC(CC3)OC4=C(C=C(C=C4)F)F,Inactive,IC50,129500.0,3.8877302315827293
559,CC(C)NC1=NC2=C(CN(CC2)C(=O)OC)N=C1N3CCC(CC3)OC4=C(C=C(C=C4)F)F,Inactive,IC50,131700.0,3.8804142250382165
560,CC(C)NC1=NC2=C(CCN(C2)C)N=C1N3CCC(CC3)OC4=C(C=C(C=C4)OC)F,Inactive,IC50,140200.0,3.8532519863693597
561,CN1CCC2=C(C1)N=C(C(=N2)NC3CC3)N4CCC(CC4)OC5=C(C=C(C=C5)OC)F,Inactive,IC50,145000.0,3.8386319977650247
562,CC(C)NC1=NC2=C(CCN(C2)S(=O)(=O)C(C)C)N=C1N3CCC(CC3)OC4=C(C=C(C=C4)F)F,Inactive,IC50,149000.0,3.826813731587726
563,CS(=O)(=O)N1CCC2=C(C1)N=C(C(=N2)NCC(F)F)N3CCC(CC3)OC4=C(C=C(C=C4)F)F,Inactive,IC50,163000.0,3.787812395596042
564,CC1C2=C(CCN1C(=O)C)N=C(C(=N2)NCC(F)F)N3CCC(CC3)OC4=C(C=C(C=C4)F)F,Inactive,IC50,178000.0,3.7495799976911064
565,CC1C2=C(CCN1C(=O)N(C)C)N=C(C(=N2)N3CCC(CC3)OC4=C(C=C(C=C4)F)F)NC(C)C,Inactive,IC50,179400.0,3.746177561291927
566,CC(=O)N1CCC2=C(C1)N=C(C(=N2)N3CCN(CC3)CC4=C(C=C(C=C4)F)F)NC5CC(C5)F,Inactive,IC50,185900.0,3.7307206102281016
567,CC(C)NC1=NC2=C(CN(CC2)C(=O)C)N=C1N3CCC(CC3)S(=O)(=O)C4=CC=C(C=C4)F,Inactive,IC50,187700.0,3.7265357273786535
568,CC1C2=C(CCN1C(=O)C(F)F)N=C(C(=N2)N3CCC(CC3)OC4=C(C=C(C=C4)F)F)NCC(F)F,Inactive,IC50,193300.0,3.7137681459714473
569,CC(C)NC1=NC2=C(CN(CC2)CC(F)F)N=C1N3CCC(CC3)OC4=C(C=C(C=C4)F)F,Inactive,IC50,199700.0,3.699621935129297
570,CC(C)NC1=NC2=C(CN(CC2)C(=O)C)N=C1N3CCC(CC3)S(=O)(=O)C4=C(C=C(C=C4)OC)F,Inactive,IC50,200200.0,3.6985359268567004
571,CC1C2=C(CCN1C(=O)COC)N=C(C(=N2)NCC(F)F)N3CCC(CC3)OC4=C(C=C(C=C4)F)F,Inactive,IC50,208000.0,3.681936665037238
572,CC(C)NC1=NC2=C(CN(CC2)C(=O)C3CC3)N=C1N4CCC(CC4)OC5=C(C=C(C=C5)F)F,Inactive,IC50,210600.0,3.6765416331505323
573,CC1C2=C(CCN1C(=O)C(F)F)N=C(C(=N2)NCC(F)F)N3CCC(CC3)OC4=C(C=C(C=C4)F)F,Inactive,IC50,212200.0,3.673254620434678
574,CC(=O)N1CCC2=C(C1)N=C(C(=N2)N3CCN(CC3)CC4=C(C=C(C=C4)F)F)NC5CC(C5)OC(=O)C,Inactive,IC50,219800.0,3.657972311912528
575,CC(C)NC1=NC2=C(CN(CC2)C(=O)C)N=C1N3CCC(CC3)S(=O)(=O)C4=CC=CC=C4F,Inactive,IC50,247000.0,3.607303046740334
576,CC(C)NC1=NC2=C(CN(CC2)C(=O)C)N=C1N3CCC(CC3)S(=O)(=O)C4=CC=CC(=C4)F,Inactive,IC50,249800.0,3.602407565961883
577,CC1C2=C(CCN1C(=O)C3CC3)N=C(C(=N2)N4CCC(CC4)OC5=C(C=C(C=C5)F)F)NC(C)C,Inactive,IC50,259000.0,3.586700235918748
578,CC[C@@H](C)NC1=NC2=C(CCN(C2)C(=O)C)N=C1N3CCC(CC3)OC4=C(C=C(C=C4)F)F,Inactive,IC50,319300.0,3.495801081460555
579,CC(C)NC1=NC2=C(CCN(C2)C(=O)C3CC3)N=C1N4CCC(CC4)OC5=C(C=C(C=C5)F)F,Inactive,IC50,340200.0,3.4682656907234497
580,CC(C)NC1=NC2=C(CN(CC2)C(=O)C)N=C1N3CCC(CC3)S(=O)(=O)C4=CC=CC(=C4)OC,Inactive,IC50,341500.0,3.466609291982449
581,CC(C)NC1=NC2=C(CCN(C2)C(=O)C)N=C1N3CCN(CC3)CC4=C(C=C(C=C4)C#N)F,Inactive,IC50,362900.0,3.440213031799444
582,CC(C)NC1=NC2=C(CCN(C2)C(=O)N3CCCC3)N=C1N4CCC(CC4)OC5=C(C=C(C=C5)F)F,Inactive,IC50,391000.0,3.407823242604133
583,CC(=O)N1CCC2=C(C1)N=C(C(=N2)N3CCC(CC3)OC4=C(C=C(C=C4)F)F)NC5CC(C5)OC(=O)C,Inactive,IC50,603900.0,3.219034970391683
584,COC1=C(C=C(C=C1)C(=O)N2CCN(CC2)C3=NC4=CC=CC=C4N=C3NC5CC5)Cl.C(=O)(C(F)(F)F)O,Unspecified,IC50,10070.0,4.996970529446382
585,CC1=C(C=CC(=C1)Br)C(=O)N2CCN(CC2)C3=NC4=CC=CC=C4N=C3NC5CC5.C(=O)(C(F)(F)F)O,Unspecified,IC50,10300.0,4.987162775294828
586,CC(C)NC1=NC2=C(CCN(C2)C(=O)N(C)C)N=C1N3CCC(CC3)OC4=C(C=C(C=C4)F)F,Unspecified,IC50,10400.0,4.982966660701219
587,CC1CC2=C(CN1S(=O)(=O)C)N=C(C(=N2)NCC(F)F)N3CCC(CC3)OC4=C(C=C(C=C4)F)F,Unspecified,IC50,10400.0,4.982966660701219
588,CC1CC2=C(CN1S(=O)(=O)C)N=C(C(=N2)NCC(F)F)N3CCC(CC3)OC4=C(C=C(C=C4)F)F.C(=O)(C(F)(F)F)O,Unspecified,IC50,10400.0,4.982966660701219
589,CC(C)NC1=NC2=C(CCN(C2)C(=O)N(C)C)N=C1N3CCC(CC3)OC4=C(C=C(C=C4)F)F.C(=O)(C(F)(F)F)O,Unspecified,IC50,10400.0,4.982966660701219
590,C1CC1NC2=NC3=C(C=NC=C3)N=C2N4CCC(CC4)C(=O)C5=CC(=CC=C5)Cl,Unspecified,IC50,11000.0,4.958607314841775
591,CC(C)NC1=NC2=C(CCN(C2)C=O)N=C1N3CCC(CC3)[C@@H](C4=C(C=C(C=C4)F)F)F,Unspecified,IC50,11400.0,4.943095148663527
592,CC(C)NC1=NC2=C(CCN(C2)C=O)N=C1N3CCC(CC3)[C@@H](C4=C(C=C(C=C4)F)F)F.C(=O)(C(F)(F)F)O,Unspecified,IC50,11400.0,4.943095148663527
593,CC(=O)N1CCC2=C(C1)N=C(C(=N2)NCC(F)F)N3CCC(CC3)OC4=C(C=C(C=C4)F)F,Unspecified,IC50,11500.0,4.939302159646388
594,CC(=O)N1CCC2=C(C1)N=C(C(=N2)NCC(F)F)N3CCC(CC3)OC4=C(C=C(C=C4)F)F.C(=O)(C(F)(F)F)O,Unspecified,IC50,11500.0,4.939302159646388
595,CC(=O)N1CCC2=C(C1)N=C(C(=N2)NC3CCC3)N4CCC(CC4)OC5=C(C=C(C=C5)OC)F,Unspecified,IC50,12000.0,4.920818753952375
596,CC(=O)N1CCC2=C(C1)N=C(C(=N2)NC3CCC3)N4CCC(CC4)OC5=C(C=C(C=C5)OC)F.C(=O)(C(F)(F)F)O,Unspecified,IC50,12000.0,4.920818753952375
597,CC(C)NC1=NC2=C(CCN(C2)C(=O)C)N=C1N3CCC(CC3)C(C4=C(C=C(C=C4)F)F)F,Unspecified,IC50,13400.0,4.872895201635193
598,CC(C)NC1=NC2=C(CCN(C2)C(=O)C)N=C1N3CCC(CC3)C(C4=C(C=C(C=C4)F)F)F.C(=O)(C(F)(F)F)O,Unspecified,IC50,13400.0,4.872895201635193
599,CC(C)NC1=NC2=C(CCN(C2)C)N=C1N3CCC(CC3)C(=O)C4=C(C=CC(=C4)Cl)F.C(=O)(C(F)(F)F)O,Unspecified,IC50,13700.0,4.863279432843593
600,CN(C)C(=O)N1CCC2=C(C1)N=C(C(=N2)NC3CCC3)N4CCC(CC4)OC5=C(C=C(C=C5)OC)F,Unspecified,IC50,13800.0,4.860120913598763
601,CN(C)C(=O)N1CCC2=C(C1)N=C(C(=N2)NC3CCC3)N4CCC(CC4)OC5=C(C=C(C=C5)OC)F.C(=O)(C(F)(F)F)O,Unspecified,IC50,13800.0,4.860120913598763
602,CC(C)NC1=NC2=C(CCN(C2)C(=O)C)N=C1N3CCC(CC3)C(=O)C4=C(C=CC(=C4)Cl)F.C(=O)(C(F)(F)F)O,Unspecified,IC50,13800.0,4.860120913598763
603,CC(C)NC1=NC2=C(CN(CC2)C(=O)N(C)C)N=C1N3CCC(CC3)OC4=C(C=C(C=C4)F)F.C(=O)(C(F)(F)F)O,Unspecified,IC50,13800.0,4.860120913598763
604,CC(C)NC1=NC2=C(CN(CC2)C(=O)NCCOC)N=C1N3CCC(CC3)OC4=C(C=C(C=C4)F)F,Unspecified,IC50,14900.0,4.826813731587726
605,CC(C)NC1=NC2=C(CN(CC2)C(=O)NCCOC)N=C1N3CCC(CC3)OC4=C(C=C(C=C4)F)F.C(=O)(C(F)(F)F)O,Unspecified,IC50,14900.0,4.826813731587726
606,CN1CCC2=C(C1)N=C(C(=N2)NC3CC3)N4CCC(CC4)[C@@H](C5=C(C=C(C=C5)F)F)F,Unspecified,IC50,15200.0,4.818156412055227
607,CN1CCC2=C(C1)N=C(C(=N2)NC3CC3)N4CCC(CC4)[C@@H](C5=C(C=C(C=C5)F)F)F.C(=O)(C(F)(F)F)O,Unspecified,IC50,15200.0,4.818156412055227
608,C1CC1NC2=NC3=C(C=NC=C3)N=C2N4CCC(CC4)OC5=CC=CC(=C5)C#N,Unspecified,IC50,15370.0,4.813326132500255
609,C1CN(CCN1C2=NC3=C(C=CC(=C3)C#N)N=C2NC4=NOC=C4)C(=O)C5=CC=C(C=C5)Cl.C(=O)(C(F)(F)F)O,Unspecified,IC50,15430.0,4.811634073936852
610,CC(C)NC1=NC2=C(CN(CC2)C(=O)N(C)C)N=C1N3CCC(CC3)OC4=C(C=C(C=C4)OC)F,Unspecified,IC50,16600.0,4.779891911959945
611,CC(C)NC1=NC2=C(CN(CC2)C(=O)N(C)C)N=C1N3CCC(CC3)OC4=C(C=C(C=C4)OC)F.C(=O)(C(F)(F)F)O,Unspecified,IC50,16600.0,4.779891911959945
612,CC(C)NC1=NC2=C(CCN(C2)C(=O)C(C)OC)N=C1N3CCC(CC3)OC4=C(C=C(C=C4)F)F,Unspecified,IC50,16800.0,4.774690718274137
613,CC(C)NC1=NC2=C(CCN(C2)C(=O)C(C)OC)N=C1N3CCC(CC3)OC4=C(C=C(C=C4)F)F.C(=O)(C(F)(F)F)O,Unspecified,IC50,16800.0,4.774690718274137
614,CC(C)NC1=NC2=C(CN(CC2)C)N=C1N3CCC(CC3)C(C4=C(C=C(C=C4)F)F)F,Unspecified,IC50,17100.0,4.767003889607846
615,CC(C)NC1=NC2=C(CN(CC2)C)N=C1N3CCC(CC3)C(C4=C(C=C(C=C4)F)F)F.C(=O)(C(F)(F)F)O,Unspecified,IC50,17100.0,4.767003889607846
616,CC(C)NC1=NC2=C(CN(CC2)C(=O)COC)N=C1N3CCC(CC3)OC4=C(C=C(C=C4)F)F,Unspecified,IC50,17300.0,4.761953896871205
617,CC(C)NC1=NC2=C(CN(CC2)C(=O)COC)N=C1N3CCC(CC3)OC4=C(C=C(C=C4)F)F.C(=O)(C(F)(F)F)O,Unspecified,IC50,17300.0,4.761953896871205
618,CC1=CC(=CC=C1)CN2CCN(CC2)C3=NC4=CC=CC=C4N=C3NC5CC5.C(=O)(C(F)(F)F)O,Unspecified,IC50,17687.0,4.752345824180976
619,CC1=C(N=NC(=N1)NC2=NC3=CC=CC=C3N=C2N4CCN(CC4)CC5=C(C=CC(=C5)Cl)Cl)C.C(=O)(C(F)(F)F)O,Unspecified,IC50,17820.0,4.749092300299144
620,CC(C)NC1=NC2=C(CCN(C2)C(=O)C3CCCO3)N=C1N4CCC(CC4)OC5=C(C=C(C=C5)F)F,Unspecified,IC50,17900.0,4.747146969020107
621,CC(C)NC1=NC2=C(CCN(C2)C(=O)C3CCCO3)N=C1N4CCC(CC4)OC5=C(C=C(C=C5)F)F.C(=O)(C(F)(F)F)O,Unspecified,IC50,17900.0,4.747146969020107
622,CC(C)NC1=NC2=C(CN(CC2)C(=O)CC#N)N=C1N3CCC(CC3)OC4=C(C=C(C=C4)F)F,Unspecified,IC50,18000.0,4.7447274948966935
623,CC(C)NC1=NC2=C(CN(CC2)C(=O)CC#N)N=C1N3CCC(CC3)OC4=C(C=C(C=C4)F)F.C(=O)(C(F)(F)F)O,Unspecified,IC50,18000.0,4.7447274948966935
624,CC1CC2=C(CN1C(=O)[C@@H](C)OC)N=C(C(=N2)NCC(F)F)N3CCC(CC3)OC4=C(C=C(C=C4)F)F.C(=O)(C(F)(F)F)O,Unspecified,IC50,18500.0,4.732828271596986
625,CC(C)NC1=NC2=C(CN(CC2)C(=O)C3CCCO3)N=C1N4CCC(CC4)OC5=C(C=C(C=C5)F)F,Unspecified,IC50,19500.0,4.709965388637482
626,CC(C)NC1=NC2=C(CN(CC2)C(=O)C3CCCO3)N=C1N4CCC(CC4)OC5=C(C=C(C=C5)F)F.C(=O)(C(F)(F)F)O,Unspecified,IC50,19500.0,4.709965388637482
627,CC(C)NC1=NC2=C(CCN(C2)C(=O)N(C)C)N=C1N3CCC(CC3)C(C4=C(C=C(C=C4)F)F)F,Unspecified,IC50,19700.0,4.705533773838407
628,CC(C)NC1=NC2=C(CCN(C2)C(=O)N(C)C)N=C1N3CCC(CC3)C(C4=C(C=C(C=C4)F)F)F.C(=O)(C(F)(F)F)O,Unspecified,IC50,19700.0,4.705533773838407
629,CC(=O)N1CCC2=C(C1)N=C(C(=N2)N3CCC(CC3)OC4=C(C=C(C=C4)OC)F)NC5CCC5,Unspecified,IC50,19900.0,4.701146923590294
630,CC(=O)N1CCC2=C(C1)N=C(C(=N2)N3CCC(CC3)OC4=C(C=C(C=C4)OC)F)NC5CCC5.C(=O)(C(F)(F)F)O,Unspecified,IC50,19900.0,4.701146923590294
631,C1CC1NC2=NC3=CC=CC=C3N=C2N4CCN(CC4)CC5=C(N=CC(=C5)F)Cl.C(=O)(C(F)(F)F)O,Unspecified,IC50,20420.0,4.689944262249108
632,CC1CC2=C(CN1C(=O)[C@H](C)OC)N=C(C(=N2)NCC(F)F)N3CCC(CC3)OC4=C(C=C(C=C4)F)F,Unspecified,IC50,20900.0,4.679853713888946
633,CC1CC2=C(CN1C(=O)[C@H](C)OC)N=C(C(=N2)NCC(F)F)N3CCC(CC3)OC4=C(C=C(C=C4)F)F.C(=O)(C(F)(F)F)O,Unspecified,IC50,20900.0,4.679853713888946
634,C1CC1NC2=NC3=CC=CC=C3N=C2N4CCN(CC4)C(=O)C5=CC=C(C=C5)C#N.C(=O)(C(F)(F)F)O,Unspecified,IC50,21780.0,4.661942124580244
635,CC1CC2=C(CN1C(=O)C(F)F)N=C(C(=N2)NCC(F)F)N3CCC(CC3)OC4=C(C=C(C=C4)F)F,Unspecified,IC50,22100.0,4.655607726314889
636,CC1CC2=C(CN1C(=O)C(F)F)N=C(C(=N2)NCC(F)F)N3CCC(CC3)OC4=C(C=C(C=C4)F)F.C(=O)(C(F)(F)F)O,Unspecified,IC50,22100.0,4.655607726314889
637,C1CC1NC2=NC3=CC=CC=C3N=C2N4CCN(CC4)CC5=CC(=CC=C5)C#N.C(=O)(C(F)(F)F)O,Unspecified,IC50,22160.0,4.654430243943608
638,CC1CC2=C(CN1C(=O)COC)N=C(C(=N2)NCC(F)F)N3CCC(CC3)OC4=C(C=C(C=C4)F)F,Unspecified,IC50,23000.0,4.638272163982407
639,CC1CC2=C(CN1C(=O)COC)N=C(C(=N2)NCC(F)F)N3CCC(CC3)OC4=C(C=C(C=C4)F)F.C(=O)(C(F)(F)F)O,Unspecified,IC50,23000.0,4.638272163982407
640,CC1CC2=C(CN1C)N=C(C(=N2)NCC(F)F)N3CCC(CC3)OC4=C(C=C(C=C4)F)F,Unspecified,IC50,23200.0,4.634512015109101
641,CC1CC2=C(CN1C)N=C(C(=N2)NCC(F)F)N3CCC(CC3)OC4=C(C=C(C=C4)F)F.C(=O)(C(F)(F)F)O,Unspecified,IC50,23200.0,4.634512015109101
642,CC(C)NC1=NC2=C(CCN(C2)C=O)N=C1N3CCC(CC3)[C@H](C4=C(C=C(C=C4)F)F)F,Unspecified,IC50,23600.0,4.627087997029894
643,CC(C)NC1=NC2=C(CCN(C2)C=O)N=C1N3CCC(CC3)[C@H](C4=C(C=C(C=C4)F)F)F.C(=O)(C(F)(F)F)O,Unspecified,IC50,23600.0,4.627087997029894
644,CC(C)NC1=NC2=C(CN(CC2)C(=O)N(C)C)N=C1N3CCC(CC3)C(C4=C(C=C(C=C4)F)F)F,Unspecified,IC50,23700.0,4.6252516539898965
645,CC(C)NC1=NC2=C(CN(CC2)C(=O)N(C)C)N=C1N3CCC(CC3)C(C4=C(C=C(C=C4)F)F)F.C(=O)(C(F)(F)F)O,Unspecified,IC50,23700.0,4.6252516539898965
646,CC1CC2=C(CN1C(=O)C3CC3)N=C(C(=N2)NCC(F)F)N4CCC(CC4)OC5=C(C=C(C=C5)F)F,Unspecified,IC50,23900.0,4.621602099051862
647,CC1CC2=C(CN1C(=O)C3CC3)N=C(C(=N2)NCC(F)F)N4CCC(CC4)OC5=C(C=C(C=C5)F)F.C(=O)(C(F)(F)F)O,Unspecified,IC50,23900.0,4.621602099051862
648,CC(C)NC1=NC2=C(CCN(C2)C(=O)C)N=C1N3CCC(CC3)OC4=C(C=C(C=C4)F)F,Unspecified,IC50,24600.0,4.609064892896621
649,CC1CC2=C(CN1C(=O)C)N=C(C(=N2)NCC(F)F)N3CCC(CC3)OC4=C(C=C(C=C4)F)F,Unspecified,IC50,24900.0,4.603800652904264
650,CC(C)NC1=NC2=C(CN(CC2)C(=O)N(C)C)N=C1N3CCC(CC3)C(=O)C4=C(C=CC(=C4)Cl)F,Unspecified,IC50,24900.0,4.603800652904264
651,CC1CC2=C(CN1C(=O)C)N=C(C(=N2)NCC(F)F)N3CCC(CC3)OC4=C(C=C(C=C4)F)F.C(=O)(C(F)(F)F)O,Unspecified,IC50,24900.0,4.603800652904264
652,CC(C)NC1=NC2=C(CN(CC2)C(=O)N(C)C)N=C1N3CCC(CC3)C(=O)C4=C(C=CC(=C4)Cl)F.C(=O)(C(F)(F)F)O,Unspecified,IC50,24900.0,4.603800652904264
653,C1CC1NC2=NC3=CC=CC=C3N=C2N4CCN(CC4)CC5=CC=NC=C5.C(=O)(C(F)(F)F)O,Unspecified,IC50,25900.0,4.586700235918748
654,CC1=CC=C(C=C1)NC2=NC3=CC=CC=C3N=C2N4CCN(CC4)CC5=CC(=CC=C5)Cl.C(=O)(C(F)(F)F)O,Unspecified,IC50,26240.0,4.581036169296377
655,CN1CCC2=C(C1)N=C(C(=N2)NC3CC3)N4CCC(CC4)[C@H](C5=C(C=C(C=C5)F)F)F,Unspecified,IC50,26500.0,4.576754126063192
656,CN1CCC2=C(C1)N=C(C(=N2)NC3CC3)N4CCC(CC4)[C@H](C5=C(C=C(C=C5)F)F)F.C(=O)(C(F)(F)F)O,Unspecified,IC50,26500.0,4.576754126063192
657,CC(C)NC1=NC2=C(CN(CC2)C)N=C1N3CCC(CC3)OC4=C(C=C(C=C4)OC)F,Unspecified,IC50,26600.0,4.575118363368933
658,CC(C)NC1=NC2=C(CN(CC2)C)N=C1N3CCC(CC3)OC4=C(C=C(C=C4)OC)F.C(=O)(C(F)(F)F)O,Unspecified,IC50,26600.0,4.575118363368933
659,CN(C)C(=O)N1CCC2=C(C1)N=C(C(=N2)N3CCC(CC3)OC4=C(C=C(C=C4)F)F)NCC(F)F,Unspecified,IC50,26900.0,4.570247719997592
660,CN(C)C(=O)N1CCC2=C(C1)N=C(C(=N2)N3CCC(CC3)OC4=C(C=C(C=C4)F)F)NCC(F)F.C(=O)(C(F)(F)F)O,Unspecified,IC50,26900.0,4.570247719997592
661,CC(C)NC1=NC2=C(CCN(C2)C(=O)C)N=C1N3CCN(CC3)CC4=C(C=C(C=C4)F)F,Unspecified,IC50,27000.0,4.568636235841013
662,CC(C)NC1=NC2=C(CCN(C2)C(=O)C)N=C1N3CCC(CC3)[C@@H](C4=C(C=C(C=C4)F)F)F,Unspecified,IC50,27400.0,4.562249437179612
663,CC(C)NC1=NC2=C(CCN(C2)C(=O)C)N=C1N3CCC(CC3)[C@@H](C4=C(C=C(C=C4)F)F)F.C(=O)(C(F)(F)F)O,Unspecified,IC50,27400.0,4.562249437179612
664,CCC(=O)N1CCC2=C(C1)N=C(C(=N2)N3CCC(CC3)OC4=C(C=C(C=C4)F)F)NC(C)C,Unspecified,IC50,27600.0,4.559090917934783
665,CC(C)NC1=NC2=C(CCN(C2)S(=O)(=O)C)N=C1N3CCN(CC3)CC4=C(C=C(C=C4)F)F,Unspecified,IC50,27900.0,4.554395796726403
666,CC(C)C(=O)N1CCC2=C(C1)N=C(C(=N2)N3CCN(CC3)CC4=C(C=C(C=C4)F)F)NC(C)C,Unspecified,IC50,29000.0,4.5376020021010435
667,CC(C)NC1=NC2=C(CCN(C2)C(=O)NCCOC)N=C1N3CCC(CC3)OC4=C(C=C(C=C4)F)F,Unspecified,IC50,29800.0,4.525783735923745
668,CC(C)NC1=NC2=C(CCN(C2)C(=O)NCCOC)N=C1N3CCC(CC3)OC4=C(C=C(C=C4)F)F.C(=O)(C(F)(F)F)O,Unspecified,IC50,29800.0,4.525783735923745
669,CC(C)NC1=NC2=C(CCN(C2)C)N=C1N3CCC(CC3)C(C4=C(C=C(C=C4)F)F)F,Unspecified,IC50,30300.0,4.518557371497695
670,CC(C)NC1=NC2=C(CCN(C2)C)N=C1N3CCC(CC3)C(C4=C(C=C(C=C4)F)F)F.C(=O)(C(F)(F)F)O,Unspecified,IC50,30300.0,4.518557371497695
671,CCC(=O)N1CCC2=C(C1)N=C(C(=N2)N3CCN(CC3)CC4=C(C=C(C=C4)F)F)NC(C)C,Unspecified,IC50,30900.0,4.510041520575165
672,CC1CC2=C(CN1C(=O)N(C)C)N=C(C(=N2)NCC(F)F)N3CCC(CC3)OC4=C(C=C(C=C4)F)F,Unspecified,IC50,31400.0,4.503070351926785
673,CC1CC2=C(CN1C(=O)N(C)C)N=C(C(=N2)NCC(F)F)N3CCC(CC3)OC4=C(C=C(C=C4)F)F.C(=O)(C(F)(F)F)O,Unspecified,IC50,31400.0,4.503070351926785
674,CN(C)C(=O)N1CCC2=C(C1)N=C(C(=N2)N3CCC(CC3)OC4=C(C=C(C=C4)OC)F)NC5CCC5,Unspecified,IC50,32500.0,4.488116639021126
675,CN(C)C(=O)N1CCC2=C(C1)N=C(C(=N2)N3CCC(CC3)OC4=C(C=C(C=C4)OC)F)NC5CCC5.C(=O)(C(F)(F)F)O,Unspecified,IC50,32500.0,4.488116639021126
676,CC(C)NC1=NC2=C(CCN(C2)C(=O)N(C)C)N=C1N3CCC(CC3)C(=O)C4=C(C=CC(=C4)Cl)F,Unspecified,IC50,32700.0,4.485452247339714
677,CC(C)NC1=NC2=C(CCN(C2)C(=O)N(C)C)N=C1N3CCC(CC3)C(=O)C4=C(C=CC(=C4)Cl)F.C(=O)(C(F)(F)F)O,Unspecified,IC50,32700.0,4.485452247339714
678,[2H]C([2H])([2H])C(=O)N1CCC2=C(C1)N=C(C(=N2)N3CCC(CC3)OC4=C(C=C(C=C4)F)F)NC(C)C,Unspecified,IC50,33700.0,4.4723700991286615
679,CC(C)NC1=NC2=C(CCN(C2)C(=O)N(C)C)N=C1N3CCC(CC3)OC4=C(C=C(C=C4)OC)F,Unspecified,IC50,35000.0,4.455931955649724
680,CC(C)NC1=NC2=C(CCN(C2)C(=O)N(C)C)N=C1N3CCC(CC3)OC4=C(C=C(C=C4)OC)F.C(=O)(C(F)(F)F)O,Unspecified,IC50,35000.0,4.455931955649724
681,CC(=O)N1CCC2=C(C1)N=C(C(=N2)N3CCC(CC3)OC4=C(C=C(C=C4)F)F)NC5CC(C5)(F)F,Unspecified,IC50,35900.0,4.444905551421681
682,CC(C)NC1=NC2=C(CCN(C2)C(=O)C)N=C1N3CCC(CC3)[C@H](C4=C(C=C(C=C4)F)F)F.C(=O)(C(F)(F)F)O,Unspecified,IC50,37800.0,4.422508200162775
683,CC(C)NC1=NC2=C(CCN(C2)C(=O)C)N=C1N3CCC(CC3)[C@H](C4=C(C=C(C=C4)F)F)F,Unspecified,IC50,37800.0,4.422508200162775
684,CC(C)NC1=NC2=C(CCN(C2)C(=O)C3=CC=NO3)N=C1N4CCC(CC4)OC5=C(C=C(C=C5)F)F,Unspecified,IC50,38700.0,4.412289034981089
685,CC(C)NC1=NC2=C(CCN(C2)C(=O)C3=CC=NO3)N=C1N4CCC(CC4)OC5=C(C=C(C=C5)F)F.C(=O)(C(F)(F)F)O,Unspecified,IC50,38700.0,4.412289034981089
686,CCC(=O)N1CCC2=C(C1)N=C(C(=N2)N3CCC(CC3)OC4=C(C=C(C=C4)F)F)N[C@H]5CCOC5,Unspecified,IC50,39200.0,4.406713932979542
687,C1CC1NC2=NC3=CC=CC=C3N=C2N4CCN(CC4)CC5=CC(=CC=C5)Cl.C(=O)(C(F)(F)F)O,Unspecified,IC50,40644.0,4.391003557307745
688,C1CN(C(=S)N1)C(=S)NC(=O)C2=CC=CC=C2F,Unspecified,IC50,43000.0,4.366531544420414
689,CC(C)NC1=NC2=C(CN(CC2)C=O)N=C1N3CCC(CC3)OC4=C(C=C(C=C4)F)F,Unspecified,IC50,43200.0,4.364516253185088
690,CC(C)NC1=NC2=C(CN(CC2)C=O)N=C1N3CCC(CC3)OC4=C(C=C(C=C4)F)F.C(=O)(C(F)(F)F)O,Unspecified,IC50,43200.0,4.364516253185088
691,CC(=O)N1CCC2=C(C1)N=C(C(=N2)N3CCN(CC3)CC4=C(C=C(C=C4)F)F)NC5CCC5,Unspecified,IC50,43700.0,4.359518563029578
692,CC1=CC(=CC=C1)CN2CCN(CC2)C3=NC4=C(N=CC=C4)N=C3NC5CC5.C(=O)(C(F)(F)F)O,Unspecified,IC50,45394.0,4.343001546682408
693,C1CN(CCN1CC2=CC(=CC=C2)Cl)C3=NC4=CC=CC=C4N=C3NC5=NC=CC=N5.C(=O)(C(F)(F)F)O,Unspecified,IC50,46990.0,4.327994554977048
694,CS(=O)(=O)N1CCC2=C(C1)N=C(C(=N2)N3CCC(CC3)OC4=C(C=C(C=C4)F)F)NC5CCC5,Unspecified,IC50,49300.0,4.30715308072277
695,CC(=O)N1CCC2=C(C1)N=C(C(=N2)N3CCC(CC3)OC4=C(C=C(C=C4)F)F)NCC(F)F,Unspecified,IC50,49700.0,4.303643611266668
696,CC(=O)N1CCC2=C(C1)N=C(C(=N2)N3CCC(CC3)OC4=C(C=C(C=C4)F)F)NCC(F)F.C(=O)(C(F)(F)F)O,Unspecified,IC50,49700.0,4.303643611266668
697,COC1=CC=CC(=C1)C(=O)NC(=S)N2CCNC2=S,Unspecified,IC50,51000.0,4.292429823902063
698,CC1C2=C(CCN1S(=O)(=O)C)N=C(C(=N2)N3CCC(CC3)OC4=C(C=C(C=C4)F)F)NCC(F)F,Unspecified,IC50,52000.0,4.2839966563652006
699,COC1=CC=C(C=C1)C(=O)NC(=S)N2CCNC2=S,Unspecified,IC50,55000.0,4.259637310505756
700,CC(=O)N1CCC2=C(C1)N=C(C(=N2)N3CCC(CC3)OC4=C(C=C(C=C4)F)F)NC5CCC5,Unspecified,IC50,55000.0,4.259637310505756
701,CC(=O)N1CCC2=C(C1)N=C(C(=N2)N3CCC(CC3)OC4=C(C=C(C=C4)F)F)NC5CCC5.C(=O)(C(F)(F)F)O,Unspecified,IC50,55000.0,4.259637310505756
702,CC(C)NC1=NC2=C(CCN(C2)C(=O)CC#N)N=C1N3CCC(CC3)OC4=C(C=C(C=C4)F)F,Unspecified,IC50,55200.0,4.2580609222708015
703,CC(C)NC1=NC2=C(CCN(C2)C(=O)CC#N)N=C1N3CCC(CC3)OC4=C(C=C(C=C4)F)F.C(=O)(C(F)(F)F)O,Unspecified,IC50,55200.0,4.2580609222708015
704,COC1=CC=CC(=C1)C(=O)NC(=S)N2CCNC2=S,Unspecified,IC50,56000.0,4.251811972993799
705,CS(=O)(=O)N1CCC2=C(C1)N=C(C(=N2)N3CCC(CC3)OC4=C(C=C(C=C4)F)F)NCC(F)F,Unspecified,IC50,57200.0,4.242603971206976
706,CS(=O)(=O)N1CCC2=C(C1)N=C(C(=N2)N3CCC(CC3)OC4=C(C=C(C=C4)F)F)NCC(F)F.C(=O)(C(F)(F)F)O,Unspecified,IC50,57200.0,4.242603971206976
707,CC(=O)N1CCC2=C(C1)N=C(C(=N2)N3CCC(CC3)OC4=C(C=C(C=C4)F)F)N[C@H]5CCOC5,Unspecified,IC50,58700.0,4.231361898752385
708,CCC(=O)N1CCC2=C(C1)N=C(C(=N2)N3CCN(CC3)CC4=C(C=C(C=C4)F)F)N[C@H]5CCOC5,Unspecified,IC50,59100.0,4.228412519118745
709,CC1C2=C(CCN1S(=O)(=O)C)N=C(C(=N2)NC(C)C)N3CCC(CC3)OC4=C(C=C(C=C4)F)F,Unspecified,IC50,59300.0,4.226945306635737
710,CC(C)NC1=NC2=C(CN(CC2)C)N=C1N3CCC(CC3)OC4=C(C=C(C=C4)F)F,Unspecified,IC50,59500.0,4.22548303427145
711,CC(C)NC1=NC2=C(CN(CC2)C)N=C1N3CCC(CC3)OC4=C(C=C(C=C4)F)F.C(=O)(C(F)(F)F)O,Unspecified,IC50,59500.0,4.22548303427145
712,CC(=O)N1CCC2=C(C1)N=C(C(=N2)N3CCC(CC3)OC4=C(C=C(C=C4)F)F)NC5CC(C5)O,Unspecified,IC50,61500.0,4.211124884224583
713,CC(C)NC1=NC2=C(CCN(C2)S(=O)(=O)C)N=C1N3CCC(CC3)OC4=C(C=C(C=C4)F)F,Unspecified,IC50,61800.0,4.209011524911184
714,CC(C)NC1=NC2=C(CCN(C2)S(=O)(=O)C)N=C1N3CCC(CC3)OC4=C(C=C(C=C4)F)F.C(=O)(C(F)(F)F)O,Unspecified,IC50,61800.0,4.209011524911184
715,CC[C@H](C)NC1=NC2=C(CCN(C2)C(=O)C)N=C1N3CCC(CC3)OC4=C(C=C(C=C4)F)F,Unspecified,IC50,62000.0,4.2076083105017466
716,CC[C@H](C)NC1=NC2=C(CCN(C2)C(=O)C)N=C1N3CCC(CC3)OC4=C(C=C(C=C4)F)F.C(=O)(C(F)(F)F)O,Unspecified,IC50,62000.0,4.2076083105017466
717,CC(C)NC1=NC2=C(CN(CC2)C(=O)C)N=C1N3CCC(CC3)OC4=C(C=C(C=C4)OC)F,Unspecified,IC50,62500.0,4.204119982655925
718,CC(C)NC1=NC2=C(CN(CC2)C(=O)C)N=C1N3CCC(CC3)OC4=C(C=C(C=C4)OC)F.C(=O)(C(F)(F)F)O,Unspecified,IC50,62500.0,4.204119982655925
719,CC(C)NC1=NC2=C(CCN(C2)C(=O)N3CCOCC3)N=C1N4CCC(CC4)OC5=C(C=C(C=C5)F)F.C(=O)(C(F)(F)F)O,Unspecified,IC50,62600.0,4.20342566678957
720,CC(=O)N1CCC2=C(C1)N=C(C(=N2)N3CCN(CC3)CC4=C(C=C(C=C4)F)F)N[C@@H]5CCOC5,Unspecified,IC50,63200.0,4.199282921717615
721,C[C@H](C(=O)N1CCC2=C(C1)N=C(C(=N2)N3CCC(CC3)OC4=C(C=C(C=C4)F)F)NCC(F)F)OC.C(=O)(C(F)(F)F)O,Unspecified,IC50,64000.0,4.1938200260161125
722,CC1C2=C(CCN1C(=O)COC)N=C(C(=N2)N3CCC(CC3)OC4=C(C=C(C=C4)F)F)NCC(F)F,Unspecified,IC50,68000.0,4.167491087293763
723,C1CN(C(=S)N1)C(=S)NC(=O)C2=CC=CO2,Unspecified,IC50,68290.0,4.165642887281595
724,C1CC1NC2=NC3=CC=CC=C3N=C2N4CCN(CC4)CC5=CC=CC=N5.C(=O)(C(F)(F)F)O,Unspecified,IC50,69180.0,4.160019442321658
725,CC(C)NC1=NC2=C(CN(CC2)CCF)N=C1N3CCC(CC3)OC4=C(C=C(C=C4)F)F,Unspecified,IC50,69200.0,4.1598939055432425
726,CC(C)NC1=NC2=C(CN(CC2)CCF)N=C1N3CCC(CC3)OC4=C(C=C(C=C4)F)F.C(=O)(C(F)(F)F)O,Unspecified,IC50,69200.0,4.1598939055432425
727,CC(C)NC1=NC2=C(CCN(C2)C(=O)COC)N=C1N3CCC(CC3)OC4=C(C=C(C=C4)F)F,Unspecified,IC50,71500.0,4.145693958198919
728,CC(C)NC1=NC2=C(CCN(C2)C(=O)COC)N=C1N3CCC(CC3)OC4=C(C=C(C=C4)F)F.C(=O)(C(F)(F)F)O,Unspecified,IC50,71500.0,4.145693958198919
729,CC1C2=C(CCN1C(=O)C)N=C(C(=N2)NC(C)C)N3CCC(CC3)OC4=C(C=C(C=C4)F)F,Unspecified,IC50,73200.0,4.135488918941608
730,CC1C2=C(CCN1C(=O)C)N=C(C(=N2)NC(C)C)N3CCC(CC3)OC4=C(C=C(C=C4)F)F.C(=O)(C(F)(F)F)O,Unspecified,IC50,73200.0,4.135488918941608
731,CC(C)NC1=NC2=C(CN(CC2)C(=O)C)N=C1N3CCC(CC3)OC4=C(C=C(C=C4)F)F,Unspecified,IC50,73700.0,4.132532512140949
732,CC(C)NC1=NC2=C(CN(CC2)C(=O)C)N=C1N3CCC(CC3)OC4=C(C=C(C=C4)F)F.C(=O)(C(F)(F)F)O,Unspecified,IC50,73700.0,4.132532512140949
733,CC(C)NC1=NC2=C(CCN(C2)C(=O)C)N=C1N3CCC(CC3)OC4=C(C=C(C=C4)OC)F,Unspecified,IC50,74100.0,4.130181792020672
734,CC(C)NC1=NC2=C(CCN(C2)CCF)N=C1N3CCC(CC3)OC4=C(C=C(C=C4)F)F,Unspecified,IC50,74800.0,4.126098402135539
735,CC1C2=C(CCN1C(=O)C)N=C(C(=N2)N3CCC(CC3)OC4=C(C=C(C=C4)F)F)NCC(F)F,Unspecified,IC50,76000.0,4.119186407719209
736,CC(=O)N1CCC2=C(C1)N=C(C(=N2)N3CCC(CC3)OC4=C(C=C(C=C4)F)F)NC5CC(C5)O,Unspecified,IC50,78000.0,4.107905397309519
737,CC(C)NC1=NC2=C(CCN(C2)C(=O)[C@@H]3CCCN3C)N=C1N4CCC(CC4)OC5=C(C=C(C=C5)F)F,Unspecified,IC50,78100.0,4.1073489661227
738,CC(C)NC1=NC2=C(CCN(C2)C(=O)[C@@H]3CCCN3C)N=C1N4CCC(CC4)OC5=C(C=C(C=C5)F)F.C(=O)(C(F)(F)F)O,Unspecified,IC50,78100.0,4.1073489661227
739,C1CN(CCC1OC2=C(C=C(C=C2)F)F)C3=NC4=C(CN(CC4)C(=O)C(F)F)N=C3NCC(F)F,Unspecified,IC50,78800.0,4.103473782510445
740,C1CN(CCC1OC2=C(C=C(C=C2)F)F)C3=NC4=C(CN(CC4)C(=O)C(F)F)N=C3NCC(F)F.C(=O)(C(F)(F)F)O,Unspecified,IC50,78800.0,4.103473782510445
741,COCC(=O)N1CCC2=C(C1)N=C(C(=N2)NCC(F)F)N3CCC(CC3)OC4=C(C=C(C=C4)F)F,Unspecified,IC50,79500.0,4.0996328713435295
742,COCC(=O)N1CCC2=C(C1)N=C(C(=N2)NCC(F)F)N3CCC(CC3)OC4=C(C=C(C=C4)F)F.C(=O)(C(F)(F)F)O,Unspecified,IC50,79500.0,4.0996328713435295
743,C1CC1NC2=NC3=CC=CC=C3N=C2N4CCN(CC4)C(=O)C5=CC(=C(C=C5)Cl)Cl.C(=O)(C(F)(F)F)O,Unspecified,IC50,79620.0,4.098977826751921
744,CSC1=C(C=CC=N1)C(=O)NC(=S)N2CCNC2=S,Unspecified,IC50,80000.0,4.096910013008056
745,CC1C2=C(CCN1C(=O)C3CC3)N=C(C(=N2)NCC(F)F)N4CCC(CC4)OC5=C(C=C(C=C5)F)F,Unspecified,IC50,85000.0,4.070581074285707
746,CC1C2=C(CCN1C(=O)C3CC3)N=C(C(=N2)NCC(F)F)N4CCC(CC4)OC5=C(C=C(C=C5)F)F.C(=O)(C(F)(F)F)O,Unspecified,IC50,85000.0,4.070581074285707
747,CC(C)NC1=NC2=C(CCN(C2)C(=O)C)N=C1N3CCC(CC3)OC4=C(C=C(C=C4)C#N)F,Unspecified,IC50,86600.0,4.062482107982653
748,CC(C)NC1=NC2=C(CCN(C2)C(=O)C)N=C1N3CCC(CC3)OC4=C(C=C(C=C4)C#N)F.C(=O)(C(F)(F)F)O,Unspecified,IC50,86600.0,4.062482107982653
749,CC1C2=C(CCN1S(=O)(=O)C)N=C(C(=N2)NCC(F)F)N3CCC(CC3)OC4=C(C=C(C=C4)F)F,Unspecified,IC50,87000.0,4.060480747381382
750,CC1C2=C(CCN1S(=O)(=O)C)N=C(C(=N2)NCC(F)F)N3CCC(CC3)OC4=C(C=C(C=C4)F)F.C(=O)(C(F)(F)F)O,Unspecified,IC50,87000.0,4.060480747381382
751,CC1C2=C(CCN1C(=O)C)N=C(C(=N2)N3CCC(CC3)OC4=C(C=C(C=C4)F)F)NC(C)C,Unspecified,IC50,88000.0,4.055517327849832
752,CC1C2=C(CCN1C(=O)C)N=C(C(=N2)N3CCC(CC3)OC4=C(C=C(C=C4)F)F)NC(C)C.C(=O)(C(F)(F)F)O,Unspecified,IC50,88000.0,4.055517327849832
753,CC(C)NC1=NC2=C(CCN(C2)C)N=C1N3CCC(CC3)OC4=C(C=C(C=C4)F)F,Unspecified,IC50,90100.0,4.045275209020937
754,CC(C)NC1=NC2=C(CCN(C2)C)N=C1N3CCC(CC3)OC4=C(C=C(C=C4)F)F.C(=O)(C(F)(F)F)O,Unspecified,IC50,90100.0,4.045275209020937
755,CC1C2=C(CCN1C(=O)COC)N=C(C(=N2)N3CCC(CC3)OC4=C(C=C(C=C4)F)F)NC(C)C,Unspecified,IC50,91000.0,4.040958607678906
756,CC1C2=C(CCN1C(=O)N(C)C)N=C(C(=N2)N3CCC(CC3)OC4=C(C=C(C=C4)F)F)NCC(F)F,Unspecified,IC50,93500.0,4.029188389127482
757,CC1C2=C(CCN1C(=O)C(F)F)N=C(C(=N2)NC(C)C)N3CCC(CC3)OC4=C(C=C(C=C4)F)F,Unspecified,IC50,95000.0,4.022276394711152
758,CC1C2=C(CCN1C(=O)C(F)F)N=C(C(=N2)NC(C)C)N3CCC(CC3)OC4=C(C=C(C=C4)F)F.C(=O)(C(F)(F)F)O,Unspecified,IC50,95000.0,4.022276394711152
759,CC(C)NC1=NC2=C(CN(CC2)S(=O)(=O)C)N=C1N3CCC(CC3)OC4=C(C=C(C=C4)F)F,Unspecified,IC50,95600.0,4.0195421077238995
760,CC(C)NC1=NC2=C(CN(CC2)S(=O)(=O)C)N=C1N3CCC(CC3)OC4=C(C=C(C=C4)F)F.C(=O)(C(F)(F)F)O,Unspecified,IC50,95600.0,4.0195421077238995
761,CC(=O)N1CCC2=C(C1)N=C(C(=N2)N3CCN(CC3)CC4=C(C=C(C=C4)F)F)N[C@H]5CCOC5,Unspecified,IC50,97800.0,4.009661145212399
762,CC1C2=C(CCN1S(=O)(=O)C)N=C(C(=N2)N3CCC(CC3)OC4=C(C=C(C=C4)F)F)NC(C)C,Unspecified,IC50,98000.0,4.008773924307505
763,C1CN(C(=S)N1)C(=S)NC(=O)C2=CC3=CC=CC=C3C=C2,Unspecified,IC50,100000.0,4.0
764,C1CN(C(=S)N1)C(=S)NC(=O)C2=CC=CC3=CC=CC=C32,Unspecified,IC50,100000.0,4.0
765,C1CN(C(=S)N1)C(=S)NC(=O)C2=CC=CC=C2,Unspecified,IC50,100000.0,4.0
