,cid,smiles,bioactivity,type,value (nM),pIC50
0,118159240,CC(=O)N1CCc2nc(N3CCC(C(=O)c4cc(Cl)ccc4F)CC3)c(NC(C)C)nc2C1,Active,IC50,0.0138,10.860120913598763
1,118180377,CC(C)Nc1nc2c(nc1N1CCC(Oc3ccc(F)cc3F)CC1)CN(C(=O)N(C)C)CC2C,Active,IC50,0.0138,10.860120913598763
2,118180376,CC(=O)N1CCc2nc(N3CCC(Oc4ccc(F)cc4F)[C@H](F)C3)c(NC(C)C)nc2C1,Active,IC50,0.0378,10.422508200162774
3,118180374,CC(C)Nc1nc2c(nc1N1CCC(Oc3ccc(F)cc3F)CC1)CCN(CN1CCOCC1)C2,Active,IC50,0.0626,10.20342566678957
4,127024467,Cc1nccc2nc(NC3CC3)c(N3CCC(Cc4ccc(F)cc4F)CC3)nc12.O=C(O)C(F)(F)F,Active,IC50,2.0,8.698970004336019
5,127024115,CC(C)Nc1nc2cnncc2nc1N1CCC(Oc2ccc(F)cc2F)CC1.O=C(O)C(F)(F)F,Active,IC50,4.0,8.397940008672037
6,90038977,CN(C)C(=O)c1cc2nc(NC3CC3)c(N3CCC(Oc4ccc(F)cc4F)CC3)nc2cn1,Active,IC50,5.0,8.301029995663981
7,127024707,O=C(O)C(F)(F)F.O=C(c1nccc2nc(NC3CC3)c(N3CCC([C@H](F)c4ccc(F)cc4F)CC3)nc12)N1CCOCC1,Active,IC50,6.0,8.221848749616356
8,127024697,CC(C)Nc1nc2cc(C(=O)N(C)C)ncc2nc1N1CCC(Oc2ccc(Cl)cc2F)CC1.O=C(O)C(F)(F)F,Active,IC50,6.0,8.221848749616356
9,127024502,CC(C)Nc1nc2cnncc2nc1N1CCC(C(F)c2ccc(F)cc2F)CC1.O=C(O)C(F)(F)F,Active,IC50,6.0,8.221848749616356
10,127024114,COc1ccc(OC2CCN(c3nc4cnncc4nc3NC(C)C)CC2)c(F)c1.O=C(O)C(F)(F)F,Active,IC50,6.0,8.221848749616356
11,127024295,Cc1cc2nc(NC3CC3)c(N3CCC([C@@H](F)c4ccc(F)cc4F)CC3)nc2cn1.O=C(O)C(F)(F)F,Active,IC50,6.0,8.221848749616356
12,127024129,O=C(O)C(F)(F)F.O=C(c1nccc2nc(NC3CC3)c(N3CCC([C@@H](F)c4ccc(F)cc4F)CC3)nc12)N1CCOCC1,Active,IC50,7.0,8.154901959985743
13,127024301,CC(C)Nc1nc2cnncc2nc1N1CCC(Oc2ccc(Cl)cc2F)CC1.O=C(O)C(F)(F)F,Active,IC50,7.0,8.154901959985743
14,90038652,Cc1cc2nc(NC3CC3)c(N3CCC(C(F)c4ccc(F)cc4F)CC3)nc2cn1.O=C(O)C(F)(F)F,Active,IC50,7.0,8.154901959985743
15,127024201,CC(C)Nc1nc2cnncc2nc1N1CCC(Oc2ccc(OCF)cc2F)CC1.O=C(O)C(F)(F)F,Active,IC50,8.0,8.096910013008056
16,127024733,CN(C)C(=O)c1cc2nc(NC3CC3)c(N3CCC([C@@H](F)c4ccc(F)cc4F)CC3)nc2cn1.O=C(O)C(F)(F)F,Active,IC50,8.0,8.096910013008056
17,127024466,Cc1nccc2nc(NC3CC3)c(N3CCC(C(F)c4ccc(F)cc4F)CC3)nc12.O=C(O)C(F)(F)F,Active,IC50,9.0,8.045757490560675
18,127024117,CN(C)C(=O)c1cc2nc(NC3CC3)c(N3CCC([C@H](F)c4ccc(F)cc4F)CC3)nc2cn1.O=C(O)C(F)(F)F,Active,IC50,10.0,8.0
19,90038062,N#Cc1cc2nc(NC3CC3)c(N3CCC([C@H](F)c4ccc(F)cc4F)CC3)nc2cn1,Active,IC50,11.0,7.958607314841775
20,90039689,Cc1cc2nc(NC3CC3)c(N3CCC([C@H](F)c4cc(F)ccc4F)CC3)nc2cn1,Active,IC50,11.0,7.958607314841775
21,127024695,COc1ccc(OC2CCN(c3nc4ccncc4nc3NC(C)C)CC2)c(F)c1.O=C(O)C(F)(F)F,Active,IC50,12.0,7.920818753952375
22,73295084,Fc1ccc(OC2CCN(c3nc4ccncc4nc3NC3CCC3)CC2)c(F)c1,Active,IC50,14.0,7.853871964321762
23,127024156,CC(C)Nc1nc2cnncc2nc1N1CCC([C@@H](F)c2ccc(F)cc2F)CC1.O=C(O)C(F)(F)F,Active,IC50,14.0,7.853871964321762
24,127024401,CSc1ccc(OC2CCN(c3nc4cnncc4nc3NC3CC3)CC2)c(F)c1.O=C(O)C(F)(F)F,Active,IC50,14.0,7.853871964321762
25,90038234,N#Cc1cc2nc(NC3CC3)c(N3CCC(Cc4ccc(F)cc4F)CC3)nc2cn1,Active,IC50,15.0,7.823908740944319
26,127024346,Fc1ccc([C@H](F)C2CCN(c3nc4cnc(Cl)cc4nc3NC3CC3)CC2)c(F)c1.O=C(O)C(F)(F)F,Active,IC50,15.0,7.823908740944319
27,127024565,COc1ccc(CC2CCN(c3nc4cnncc4nc3NC(C)C)CC2)c(F)c1.O=C(O)C(F)(F)F,Active,IC50,15.0,7.823908740944319
28,90038632,Fc1ccc(C(F)(F)C2CCN(c3nc4cnccc4nc3NC3CC3)CC2)c(F)c1,Active,IC50,16.0,7.795880017344075
29,127024252,CC(C)Nc1nc2cc(C(=O)N(C)C)ncc2nc1N1CCC(C(=O)c2cc(F)cc(F)c2)CC1.O=C(O)C(F)(F)F,Active,IC50,16.0,7.795880017344075
30,90039456,N#Cc1cc2nc(NC3CC3)c(N3CCC([C@@H](F)c4ccc(F)cc4F)CC3)nc2cn1,Active,IC50,17.0,7.769551078621726
31,127024834,N#Cc1cc2nc(NC3CC3)c(N3CCC([C@@H](F)c4ccc(F)cc4F)CC3)nc2cn1.O=C(O)C(F)(F)F,Active,IC50,17.0,7.769551078621726
32,127024293,Fc1ccc(OC2CCN(c3nc4cnncc4nc3NC3CC3)CC2)c(F)c1.O=C(O)C(F)(F)F,Active,IC50,18.0,7.7447274948966935
33,127024294,Cc1nccc2nc(NC3CC3)c(N3CCC(Oc4ccc(F)cc4F)CC3)nc12.O=C(O)C(F)(F)F,Active,IC50,18.0,7.7447274948966935
34,155555998,Fc1ccc(CC2CCN(c3nc4cnccc4nc3NC3CC3)CC2)c(F)c1.O=C(O)C(F)(F)F,Active,IC50,19.0,7.721246399047171
35,127024832,Fc1ccc(CC2CCN(c3nc4ccccc4nc3NC3CC3)CC2)c(F)c1.O=C(O)C(F)(F)F,Active,IC50,19.0,7.721246399047171
36,118308594,Fc1ccc(F)c(C(F)C2CCN(c3nc4cnccc4nc3NC3CC3)CC2)c1,Active,IC50,20.0,7.698970004336019
37,90037662,CC(C)Nc1nc2cnccc2nc1N1CCC(Oc2ccc(F)cc2F)CC1,Active,IC50,20.0,7.698970004336019
38,127024735,Cc1cc2nc(NC3CC3)c(N3CCC(Cc4ccc(F)cc4F)CC3)nc2cn1.O=C(O)C(F)(F)F,Active,IC50,20.0,7.698970004336019
39,127024291,COc1ccc(OC2CCN(c3nc4cnncc4nc3NC3CC3)CC2)c(F)c1.O=C(O)C(F)(F)F,Active,IC50,20.0,7.698970004336019
40,155536861,Fc1ccc(CN2CCN(c3nc4cnccc4nc3NC3CC3)CC2)c(F)c1.O=C(O)C(F)(F)F,Active,IC50,21.0,7.6777807052660805
41,127024452,CC(C)Nc1nc2cnccc2nc1N1CCC(Oc2ccc(F)cc2F)CC1.O=C(O)C(F)(F)F,Active,IC50,21.0,7.6777807052660805
42,127024503,CC[C@H](C)Nc1nc2cnncc2nc1N1CCC(Oc2ccc(OC)cc2F)CC1.O=C(O)C(F)(F)F,Active,IC50,21.0,7.6777807052660805
43,155553228,COc1ccc(C(=O)C2CCN(c3nc4cnccc4nc3NC3CC3)CC2)c(F)c1.O=C(O)C(F)(F)F,Active,IC50,21.0,7.6777807052660805
44,127024639,Fc1ccc([C@H](F)C2CCN(c3nc4cnncc4nc3NC3CC3)CC2)c(F)c1.O=C(O)C(F)(F)F,Active,IC50,22.0,7.657577319177793
45,122420746,O=C(c1cc2nc(NC3CC3)c(N3CCC([C@@H](F)c4ccc(F)cc4F)CC3)nc2cn1)N1CCC1,Active,IC50,22.0,7.657577319177793
46,127024446,O=C(O)C(F)(F)F.O=C(c1cc2nc(NC3CC3)c(N3CCC([C@@H](F)c4ccc(F)cc4F)CC3)nc2cn1)N1CCC1,Active,IC50,22.0,7.657577319177793
47,90039351,O=C(c1cc2nc(NC3CC3)c(N3CCC([C@H](F)c4ccc(F)cc4F)CC3)nc2cn1)N1CCC1,Active,IC50,23.0,7.638272163982407
48,127024606,N#Cc1ccc2nc(NC3CC3)c(N3CCC(C(F)c4ccc(F)cc4F)CC3)nc2c1.O=C(O)C(F)(F)F,Active,IC50,24.0,7.619788758288394
49,118308533,N#Cc1cc2nc(N3CCC([C@@H](F)c4ccc(F)cc4F)CC3)c(NC3CC3)nc2cn1,Active,IC50,24.0,7.619788758288394
50,127024159,Fc1ccc([C@@H](F)C2CCN(c3nc4cnccc4nc3NC3CC3)CC2)c(F)c1.O=C(O)C(F)(F)F,Active,IC50,24.0,7.619788758288394
51,127024593,O=C(c1cc2nc(NC3CC3)c(N3CCC([C@@H](F)c4ccc(F)cc4F)CC3)nc2cn1)N1CCC1F,Active,IC50,26.0,7.585026652029182
52,127024594,Fc1ccc([C@@H](F)C2CCN(c3nc4cnncc4nc3NC3CC3)CC2)c(F)c1.O=C(O)C(F)(F)F,Active,IC50,26.0,7.585026652029182
53,127024116,COc1ccc(CC2CCN(c3nc4cnc(C#N)cc4nc3NC(C)C)CC2)c(F)c1.O=C(O)C(F)(F)F,Active,IC50,26.0,7.585026652029182
54,127024823,Fc1ccc(CC2CCN(c3nc4ccncc4nc3NC3CC3)CC2)c(F)c1.O=C(O)C(F)(F)F,Active,IC50,27.0,7.568636235841012
55,127024469,CC(C)Nc1nc2cc(C#N)ncc2nc1N1CCC(C(=O)c2cc(F)cc(F)c2)CC1.O=C(O)C(F)(F)F,Active,IC50,28.0,7.552841968657781
56,127024288,N#Cc1ccc2nc(N3CCC(C(F)c4ccc(F)cc4F)CC3)c(NC3CC3)nc2c1.O=C(O)C(F)(F)F,Active,IC50,29.0,7.537602002101044
57,127024341,Fc1ccc(Cl)cc1CN1CCN(c2nc3cnccc3nc2NC2CC2)CC1.O=C(O)C(F)(F)F,Active,IC50,29.0,7.537602002101044
58,127024110,Fc1ccc([C@@H](F)C2CCN(c3nc4cnc(Cl)cc4nc3NC3CC3)CC2)c(F)c1.O=C(O)C(F)(F)F,Active,IC50,29.0,7.537602002101044
59,127024158,Fc1ccc(C(F)C2CCN(c3nc4cnc(Br)cc4nc3NC3CC3)CC2)c(F)c1.O=C(O)C(F)(F)F,Active,IC50,29.0,7.537602002101044
60,127024696,CC(C)Nc1nc2cnccc2nc1N1CCC(C(F)c2ccc(F)cc2F)CC1.O=C(O)C(F)(F)F,Active,IC50,29.0,7.537602002101044
61,127024456,COc1cc2nc(NC3CC3)c(N3CCC(Cc4ccc(F)cc4F)CC3)nc2cn1.O=C(O)C(F)(F)F,Active,IC50,29.0,7.537602002101044
62,90038509,Fc1cc(Cl)ccc1OC1CCN(c2nc3cnncc3nc2NC2CC2)CC1.O=C(O)C(F)(F)F,Active,IC50,30.0,7.522878745280337
63,127024564,CC[C@@H](C)Nc1nc2cnncc2nc1N1CCC(Oc2ccc(OC)cc2F)CC1.O=C(O)C(F)(F)F,Active,IC50,30.0,7.522878745280337
64,127024289,COCCNc1nc2ccncc2nc1N1CCC(Cc2ccc(F)cc2F)CC1.O=C(O)C(F)(F)F,Active,IC50,30.0,7.522878745280337
65,90037926,Fc1ccc(CC2CCN(c3nc4cnc(Cl)cc4nc3NC3CC3)CC2)c(F)c1,Active,IC50,31.0,7.508638306165727
66,155512341,Cc1nncc2nc(N3CCC(Oc4ccc(F)cc4F)CC3)c(NC(C)C)nc12.O=C(O)C(F)(F)F,Active,IC50,31.0,7.508638306165727
67,127024345,Clc1ccc(Cl)c(CN2CCN(c3nc4cnccc4nc3NC3CC3)CC2)c1.O=C(O)C(F)(F)F,Active,IC50,32.0,7.494850021680094
68,127024776,O=C(O)C(F)(F)F.O=C(c1cc(Cl)ccc1F)C1CCN(c2nc3cnccc3nc2NC2CC2)CC1,Active,IC50,35.0,7.455931955649724
69,118308624,COc1ccc(OC2CCN(c3nc4cnncc4nc3NC3CC3)CC2)c(F)c1,Active,IC50,36.0,7.443697499232712
70,127024402,CCNc1nc2cnccc2nc1N1CCC(Oc2ccc(OC)cc2F)CC1.O=C(O)C(F)(F)F,Active,IC50,39.0,7.4089353929735005
71,127024563,CC(C)Nc1nc2cc(C(=O)N(C)C)ncc2nc1N1CCN(Cc2ccc(F)cc2F)CC1.O=C(O)C(F)(F)F,Active,IC50,40.0,7.3979400086720375
72,155525846,COc1ccc(C(=O)C2CCN(c3nc4c(C#N)nccc4nc3NC3CC3)CC2)c(F)c1.O=C(O)C(F)(F)F,Active,IC50,43.0,7.366531544420414
73,127024302,COc1cccc(CN2CCN(c3nc4cnncc4nc3NC(C)C)CC2)c1.O=C(O)C(F)(F)F,Active,IC50,44.0,7.356547323513812
74,127024604,COc1ccc(OC2CCN(c3nc4ccncc4nc3NC3CC3)CC2)c(F)c1.O=C(O)C(F)(F)F,Active,IC50,44.0,7.356547323513812
75,90038494,N#Cc1cc2nc(N3CCC([C@H](F)c4ccc(F)cc4F)CC3)c(NC3CC3)nc2cn1,Active,IC50,45.0,7.346787486224656
76,118308547,Cc1nccc2nc(NC3CC3)c(N3CCC(C(F)(F)c4cc(F)ccc4F)CC3)nc12,Active,IC50,45.0,7.346787486224656
77,118308672,Fc1ccc(Cl)cc1C(F)(F)C1CCN(c2nc3cnccc3nc2NC2CC2)CC1,Active,IC50,46.0,7.337242168318426
78,122420743,CC(C)Nc1nc2ccc(C#N)cc2nc1N1CCC([C@@H](F)c2ccc(F)cc2F)CC1,Active,IC50,49.0,7.309803919971486
79,127024284,Fc1cc(F)c(CN2CCN(c3nc4cnccc4nc3NC3CC3)CC2)cc1F.O=C(O)C(F)(F)F,Active,IC50,50.0,7.301029995663981
80,155532393,CC(C)Nc1nc2ccccc2nc1N1CCC(Oc2ccc(Cl)cc2F)CC1.Cl,Active,IC50,51.0,7.292429823902063
81,127024451,O=C(O)C(F)(F)F.Oc1ccc(OC2CCN(c3nc4ccncc4nc3NC3CC3)CC2)c(F)c1,Active,IC50,54.0,7.267606240177031
82,127024343,COc1ccc(C(=O)C2CCN(c3nc4cnncc4nc3NC(C)C)CC2)c(F)c1.O=C(O)C(F)(F)F,Active,IC50,54.0,7.267606240177031
83,90038218,COc1ccc(OC2CCN(c3nc4c(C(=O)N(C)C)nccc4nc3NC3CC3)CC2)c(F)c1,Active,IC50,54.0,7.267606240177031
84,155563953,CN1CCN(C(=O)c2cc3nc(NC4CC4)c(N4CCC(C(=O)c5cc(C#N)ccc5F)CC4)nc3cn2)CC1.O=C(O)C(F)(F)F,Active,IC50,54.0,7.267606240177031
85,127024449,Clc1ccc(Cl)c(CN2CCN(c3nc4ccncc4nc3NC3CC3)CC2)c1.O=C(O)C(F)(F)F,Active,IC50,56.0,7.251811972993799
86,90038968,Cc1nnc(C)c2nc(N3CCC(Oc4ccc(F)cc4F)CC3)c(NC(C)C)nc12.O=C(O)C(F)(F)F,Active,IC50,60.0,7.221848749616356
87,127024705,O=C(O)C(F)(F)F.O=C(c1cc(F)ccc1Cl)C1CCN(c2nc3cnccc3nc2NC2CC2)CC1,Active,IC50,62.0,7.207608310501746
88,127024149,Clc1ccc(Cl)c(CN2CCN(c3nc4cncc(Cl)c4nc3NC3CC3)CC2)c1.O=C(O)C(F)(F)F,Active,IC50,62.0,7.207608310501746
89,155534644,Fc1ccc(F)c(CN2CCN(c3nc4cncc(Cl)c4nc3NC3CC3)CC2)c1.O=C(O)C(F)(F)F,Active,IC50,62.0,7.207608310501746
90,127024463,N#Cc1ccc2nc(NC3CC3)c(N3CCC(Cc4ccc(F)cc4F)CC3)nc2c1.O=C(O)C(F)(F)F,Active,IC50,64.0,7.1938200260161125
91,127024566,CN(C)C(=O)c1cc2nc(NCC(F)F)c(N3CCC(Oc4ccc(F)cc4F)CC3)nc2cn1.O=C(O)C(F)(F)F,Active,IC50,65.0,7.187086643357144
92,127024694,N#Cc1nccc2nc(NC3CC3)c(N3CCN(Cc4ccc(F)cc4F)CC3)nc12.O=C(O)C(F)(F)F,Active,IC50,66.0,7.180456064458131
93,127024704,O=C(O)C(F)(F)F.O=C(c1ccccc1Cl)C1CCN(c2nc3cnccc3nc2NC2CC2)CC1,Active,IC50,67.0,7.173925197299173
94,127024552,N#Cc1ccc(F)c(C(=O)C2CCN(c3nc4cnccc4nc3NC3CC3)CC2)c1.O=C(O)C(F)(F)F,Active,IC50,69.0,7.161150909262744
95,90038811,N#Cc1ccc2nc(NCC(F)F)c(N3CCC(Cc4ccc(F)cc4F)CC3)nc2c1,Active,IC50,71.0,7.1487416512809245
96,127024559,Fc1ccc(CC2CCN(c3nc4cc(F)ccc4nc3NC3CC3)CC2)c(F)c1.O=C(O)C(F)(F)F,Active,IC50,72.0,7.142667503568731
97,127024253,CC(C)Nc1nc2cnncc2nc1N1CCC(Oc2ccc(C#N)cc2F)CC1.O=C(O)C(F)(F)F,Active,IC50,72.0,7.142667503568731
98,127024736,N#Cc1ccc2nc(NC3CC3)c(N3CCC(C(F)c4cc(F)ccc4F)CC3)nc2c1.O=C(O)C(F)(F)F,Active,IC50,75.0,7.1249387366083
99,127024592,O=C(O)C(F)(F)F.O=C(c1ccccc1Br)C1CCN(c2nc3cnccc3nc2NC2CC2)CC1,Active,IC50,78.0,7.107905397309519
100,90037616,Fc1ccc(CC2CCN(c3nc4ccncc4nc3NCC(F)F)CC2)c(F)c1,Active,IC50,78.0,7.107905397309519
101,122420763,CC(C)Nc1nc2ccc(C#N)cc2nc1N1CCC([C@H](F)c2ccc(F)cc2F)CC1,Active,IC50,82.0,7.086186147616283
102,122420758,CC(C)Nc1nc2ccc(C#N)cc2nc1N1CCC([C@H](F)c2cc(F)ccc2F)CC1,Active,IC50,82.0,7.086186147616283
103,127024400,COc1ccc(CN2CCN(c3nc4c(C#N)nccc4nc3NC3CC3)CC2)c(F)c1.O=C(O)C(F)(F)F,Active,IC50,88.0,7.055517327849831
104,90038387,N#Cc1ccc(Cl)c(C(=O)C2CCN(c3nc4cnc(Cl)cc4nc3NC3CC3)CC2)c1,Active,IC50,89.0,7.050609993355087
105,127024693,N#Cc1ccc2nc(NC3CC3)c(N3CCC(Oc4ccc(F)cc4F)CC3)nc2c1.O=C(O)C(F)(F)F,Active,IC50,90.0,7.045757490560675
106,127024501,N#Cc1ccc(OC2CCN(c3nc4cnncc4nc3NC3CC3)CC2)c(F)c1.O=C(O)C(F)(F)F,Active,IC50,90.0,7.045757490560675
107,127024640,COc1ccc(CN2CCN(c3nc4cnc(N5CCOCC5)cc4nc3NC3CC3)CC2)c(F)c1,Active,IC50,92.0,7.036212172654444
108,155523116,COc1ccc(CN2CCN(c3nc4cnc(N5CCOCC5)cc4nc3NC3CC3)CC2)c(F)c1.O=C(O)C(F)(F)F,Active,IC50,92.0,7.036212172654444
109,90038064,Cc1cc2nc(NC3CC3)c(N3CCC(S(=O)(=O)c4ccc(F)cc4)CC3)nc2cn1.O=C(O)C(F)(F)F,Active,IC50,93.0,7.031517051446065
110,127024146,N#Cc1ccc2nc(NC3CC(=O)C3)c(N3CCN(Cc4cc(Cl)ccc4Cl)CC3)nc2c1.O=C(O)C(F)(F)F,Active,IC50,97.0,7.013228265733755
111,127024457,CC(C)Nc1nc2ccc(C#N)cc2nc1N1CCC(C(F)c2cc(F)ccc2F)CC1.O=C(O)C(F)(F)F,Active,IC50,98.0,7.008773924307505
112,155525944,COc1ccc(OC2CCN(c3nc4c(N5CCOCC5)nccc4nc3NC3CC3)CC2)c(F)c1.O=C(O)C(F)(F)F,Active,IC50,114.0,6.943095148663527
113,127024728,Fc1ccc(F)c(CN2CCN(c3nc4cnccc4nc3NC3CC3)CC2)c1.O=C(O)C(F)(F)F,Active,IC50,120.0,6.920818753952375
114,127024455,Fc1ccc(F)c(CN2CCN(c3nc4ccncc4nc3NC3CC3)CC2)c1.O=C(O)C(F)(F)F,Active,IC50,140.0,6.853871964321762
115,127024737,Fc1ccc(CC2CCN(c3nc4cc(F)c(F)cc4nc3NC3CC3)CC2)c(F)c1.O=C(O)C(F)(F)F,Active,IC50,140.0,6.853871964321762
116,9966125,O=C(NC(=S)N1CCNC1=S)c1ccc(F)cc1F,Active,IC50,140.0,6.853871964321762
117,127024157,C[C@@H]1C[C@H]1Nc1nc2cnncc2nc1N1CCC([C@@H](F)c2ccc(F)cc2F)CC1.O=C(O)C(F)(F)F,Active,IC50,145.0,6.838631997765026
118,155529253,CC1CC1Nc1nc2cnncc2nc1N1CCC([C@@H](F)c2ccc(F)cc2F)CC1.O=C(O)C(F)(F)F,Active,IC50,145.0,6.838631997765026
119,127024779,CSc1ccc(OC2CCN(c3nc4cnccc4nc3NC3CC3)CC2)cc1.O=C(O)C(F)(F)F,Active,IC50,146.0,6.835647144215563
120,127024296,N#Cc1ccc2nc(NCCC(F)(F)F)c(N3CCC(Oc4ccc(F)cc4F)CC3)nc2c1.O=C(O)C(F)(F)F,Active,IC50,160.0,6.795880017344075
121,9966813,O=C(N=C1SSC2=NCCN21)c1cc2ccccc2s1,Active,IC50,160.0,6.795880017344075
122,127024774,Fc1cc(F)c(OC2CCN(c3nc4cnccc4nc3NC3CC3)CC2)c(F)c1.O=C(O)C(F)(F)F,Active,IC50,170.0,6.769551078621726
123,10267726,O=C(N=C1SSC2=NCCN21)c1ccc2ccccc2c1,Active,IC50,170.0,6.769551078621726
124,9921301,O=C(N=C1SSC2=NCCN21)c1ccco1,Active,IC50,180.0,6.7447274948966935
125,10224726,O=C(N=C1SSC2=NCCN21)c1cnn(-c2ccc(Cl)cc2)c1C(F)(F)F,Active,IC50,189.7,6.721932669111338
126,118308644,COc1ccc(OC2CCN(c3nc4cnccc4nc3NC3CC3)CC2)cc1,Active,IC50,190.0,6.721246399047171
127,127024775,O=C(O)C(F)(F)F.O=C(c1c(F)cc(Cl)cc1F)C1CCN(c2nc3cnccc3nc2NC2CC2)CC1,Active,IC50,200.0,6.698970004336019
128,9878257,O=C(N=C1SSC2=NCCN21)c1ccno1,Active,IC50,215.0,6.667561540084394
129,9856955,O=C(N=C1SSC2=NCCN21)c1ccccc1F,Active,IC50,225.0,6.647817481888637
130,127024191,Fc1ccc(CN2CCN(c3nc4ccncc4nc3NCC(F)F)CC2)c(F)c1.O=C(O)C(F)(F)F,Active,IC50,230.0,6.638272163982407
131,9856954,O=C(N=C1SSC2=NCCN21)c1cccc(F)c1,Active,IC50,230.0,6.638272163982407
132,90038545,N#Cc1ccc2nc(NC3CC3)c(N3CCN(Cc4cc(Cl)ccc4Cl)CC3)nc2c1,Active,IC50,250.0,6.6020599913279625
133,90038615,COCCNc1nc2ccc(C#N)cc2nc1N1CCC(Cc2ccc(F)cc2F)CC1,Active,IC50,250.0,6.6020599913279625
134,127024759,Fc1ccc(CN2CCN(c3nc4cnncc4nc3NC3CC3)CC2)c(F)c1.O=C(O)C(F)(F)F,Active,IC50,260.0,6.585026652029182
135,9860209,O=C(N=C1SSC2=NCCN21)c1cccs1,Active,IC50,260.0,6.585026652029182
136,127024454,FC(F)Oc1ccc(Cl)cc1CN1CCN(c2nc3cnccc3nc2NC2CC2)CC1.O=C(O)C(F)(F)F,Active,IC50,270.0,6.568636235841012
137,127024468,CC(C)Nc1cc(Cl)cc(C(=O)C2CCN(c3nc4ccc(C#N)cc4nc3NC(C)C)CC2)c1,Active,IC50,276.0,6.559090917934782
138,9965548,O=C(N=C1SSC2=NCCN21)c1ccc(F)cc1,Active,IC50,285.0,6.54515513999149
139,10267725,O=C(N=C1SSC2=NCCN21)c1cccc2ccccc12,Active,IC50,290.0,6.537602002101044
140,90037932,N#Cc1ccc2nc(NC3CCC3)c(N3CCN(C(=O)c4ccc(Cl)cc4)CC3)nc2c1,Active,IC50,300.0,6.522878745280337
141,9966063,O=C(N=C1SSC2=NCCN21)c1ccc(F)cc1F,Active,IC50,300.0,6.522878745280337
142,5142438,O=C(N=C1SSC2=NCCN21)c1ccccc1,Active,IC50,305.0,6.515700160653214
143,127024465,Clc1ccc(OC2CCN(c3nc4cnccc4nc3NC3CC3)CC2)cc1.O=C(O)C(F)(F)F,Active,IC50,310.0,6.508638306165727
144,155559864,CC(C)Nc1nc2ccc(C#N)cc2nc1N1CCN(Cc2cc(Cl)ccc2Cl)CC1.O=C(O)C(F)(F)F,Active,IC50,310.0,6.508638306165727
145,127024727,CC(C)Nc1nc2ccc(C#N)cc2nc1N1CCN(Cc2cc(F)ccc2F)CC1.O=C(O)C(F)(F)F,Active,IC50,310.0,6.508638306165727
146,127024282,N#Cc1ccc2nc(N3CCN(C(=O)c4ccc(Cl)cc4)CC3)c(NC3CC3)nc2c1.O=C(O)C(F)(F)F,Active,IC50,340.0,6.468521082957745
147,90037804,COCCNc1nc2ccc(C#N)cc2nc1N1CCC(C(F)c2ccc(F)cc2F)CC1,Active,IC50,340.0,6.468521082957745
148,9965902,COc1cccc(C(=O)N=C2SSC3=NCCN32)c1,Active,IC50,355.0,6.449771646944906
149,9967340,O=C(N=C1SSC2=NCCN21)c1ccc(C(F)(F)F)cc1,Active,IC50,370.0,6.431798275933005
150,127024688,N#Cc1ccc2nc(NC3CC3)c(N3CCN(Cc4cc(F)ccc4F)CC3)nc2c1.O=C(O)C(F)(F)F,Active,IC50,380.0,6.42021640338319
151,127024283,Cc1ccc(C)c(CN2CCN(c3nc4cnccc4nc3NC3CC3)CC2)c1.O=C(O)C(F)(F)F,Active,IC50,380.0,6.42021640338319
152,90038529,Cc1nccc2nc(NC3CC3)c(N3CCC(Cn4ccc(F)cc4=O)CC3)nc12,Active,IC50,380.0,6.42021640338319
153,155569123,Cc1nccc2nc(NC3CC3)c(N3CCC(Cn4ccc(F)cc4=O)CC3)nc12.O=C(O)C(F)(F)F,Active,IC50,380.0,6.42021640338319
154,127024833,N#Cc1ccc2nc(Nc3cccnc3)c(N3CCC(Cc4ccc(F)cc4F)CC3)nc2c1.O=C(O)C(F)(F)F,Active,IC50,390.0,6.4089353929735005
155,127024220,N#Cc1ccc2nc(NCCC(F)(F)F)c(N3CCN(Cc4ccc(F)cc4F)CC3)nc2c1.O=C(O)C(F)(F)F,Active,IC50,390.0,6.4089353929735005
156,127024758,Fc1cc(F)c(CN2CCN(c3nc4ccncc4nc3Nc3cccnc3)CC2)cc1F.O=C(O)C(F)(F)F,Active,IC50,400.0,6.3979400086720375
157,9835042,O=C(N=C1SSC2=NCCN21)c1cccnc1,Active,IC50,401.5,6.396314450385301
158,9921833,Cc1noc(C)c1C(=O)N=C1SSC2=NCCN21,Active,IC50,405.0,6.392544976785331
159,127024597,N#Cc1ccc2nc(NC3CC3)c(N3CCN(S(=O)(=O)c4ccc(Br)s4)CC3)nc2c1.O=C(O)C(F)(F)F,Active,IC50,420.0,6.376750709602099
160,90038119,N#Cc1ccc2nc(N3CCN(Cc4cc(Cl)ccc4Cl)CC3)c(Nc3cccnc3)nc2c1,Active,IC50,440.0,6.356547323513812
161,127024545,Cc1cc(S(=O)(=O)N2CCN(c3nc4cc(C#N)ccc4nc3NC3CC3)CC2)c(C)cc1Cl.O=C(O)C(F)(F)F,Active,IC50,450.0,6.346787486224656
162,9944074,O=C(N=C1SSC2=NCCN21)c1ccc(Cl)cc1,Active,IC50,455.0,6.341988603342887
163,9943518,Cc1cccc(C(=O)N=C2SSC3=NCCN32)c1,Active,IC50,465.0,6.332547047110046
164,127024447,CSc1ccc(F)c(C(=O)C2CCN(c3nc4cnccc4nc3NC3CC3)CC2)c1.O=C(O)C(F)(F)F,Active,IC50,478.0,6.320572103387882
165,9923056,CC(C)(C)c1ccc(C(=O)N=C2SSC3=NCCN32)cc1,Active,IC50,510.0,6.292429823902063
166,9835741,COc1ccc(C(=O)N=C2SSC3=NCCN32)cc1,Active,IC50,520.0,6.2839966563652006
167,127024202,CS(=O)(=O)c1ccc(C(=O)N2CCN(c3nc4ccccc4nc3NC3CC3)CC2)cc1.O=C(O)C(F)(F)F,Active,IC50,530.0,6.275724130399211
168,90039136,CC(C)(C)Nc1nc2cc(C#N)ncc2nc1N1CCC(Oc2ccc(F)cc2F)CC1,Active,IC50,538.0,6.269217724333611
169,127024602,N#Cc1ccc2nc(NC3CC3)c(N3CCN(S(=O)(=O)c4ccc(Cl)cc4)CC3)nc2c1.O=C(O)C(F)(F)F,Active,IC50,570.0,6.2441251443275085
170,127024222,N#Cc1cccc2nc(NC3CC3)c(N3CCN(Cc4cc(Cl)ccc4Cl)CC3)nc12.O=C(O)C(F)(F)F,Active,IC50,650.0,6.187086643357144
171,90038095,COCCNc1nc2ccncc2nc1N1CCC(Oc2ccc(F)cc2F)CC1.O=C(O)C(F)(F)F,Active,IC50,670.0,6.173925197299173
172,155514894,COc1ccc(C(=O)C2CCN(c3nc4c(N5CCOCC5)nccc4nc3NC3CC3)CC2)c(F)c1.O=C(O)C(F)(F)F,Active,IC50,717.0,6.1444808443322
173,127024194,Cc1cc(C(=O)N2CCN(c3nc4ccccc4nc3NC3CC3)CC2)ccc1Cl.O=C(O)C(F)(F)F,Active,IC50,720.0,6.142667503568731
174,90038198,Cc1cc2nc(NC3CC3)c(N3CCC(Cn4cc(Cl)ccc4=O)CC3)nc2cn1,Active,IC50,770.0,6.113509274827518
175,155524412,Cc1cc2nc(NC3CC3)c(N3CCC(Cn4cc(Cl)ccc4=O)CC3)nc2cn1.O=C(O)C(F)(F)F,Active,IC50,770.0,6.113509274827518
176,127024418,Fc1cc2nc(NC3CC3)c(N3CCN(Cc4cc(Cl)ccc4Cl)CC3)nc2cc1F.O=C(O)C(F)(F)F,Active,IC50,800.0,6.096910013008056
177,90039111,Cc1cccc(CN2CCN(c3nc4ncccc4nc3NC3CC3)CC2)c1,Active,IC50,840.0,6.075720713938118
178,9965602,O=C(NC(=S)N1CCNC1=S)c1ccc(F)cc1,Active,IC50,865.0,6.062983892535186
179,90038741,N#Cc1ccc2nc(NC3CC3)c(N3CCC(Cn4cc(Cl)ccc4=O)CC3)nc2c1,Active,IC50,930.0,6.031517051446064
180,127024292,COc1ccc(CN2CCN(c3nc4cnc(C(=O)N(C)C)cc4nc3NC3CC3)CC2)c(F)c1.O=C(O)C(F)(F)F,Active,IC50,939.0,6.027334407733889
181,127024147,N#Cc1ccc2nc(NCCF)c(N3CCN(C(=O)c4ccc(Cl)cc4)CC3)nc2c1.O=C(O)C(F)(F)F,Active,IC50,960.0,6.017728766960431
182,127024546,Cc1c(Cl)cc(F)cc1S(=O)(=O)N1CCN(c2nc3cc(C#N)ccc3nc2NC2CC2)CC1.O=C(O)C(F)(F)F,Active,IC50,960.0,6.017728766960431
183,90038724,COc1cccc(OC2CCN(c3nc4cnncc4nc3NC(C)C)CC2)c1.O=C(O)C(F)(F)F,Active,IC50,1000.0,6.0
184,127024553,CCOc1ccc(OC2CCN(c3nc4cnccc4nc3NC3CC3)CC2)cc1.O=C(O)C(F)(F)F,Active,IC50,1023.0,5.99012436628784
185,90038163,CS(=O)(=O)c1ccc(C(=O)N2CCN(c3nc4ccccc4nc3NC3CC3)CC2)c(Cl)c1,Active,IC50,1030.0,5.987162775294828
186,155518204,Fc1ccc(OC2CCN(c3nc4cnccc4nc3NC3CC3)CC2)c(F)c1.O=C(O)C(F)(F)F,Active,IC50,1100.0,5.958607314841775
187,127024773,Fc1ccc(F)c(OC2CCN(c3nc4cnccc4nc3NC3CC3)CC2)c1.O=C(O)C(F)(F)F,Active,IC50,1100.0,5.958607314841775
188,118308530,Clc1ccc(Cl)c(CN2CCN(c3nc4ncccc4nc3NC3CC3)CC2)c1,Active,IC50,1130.0,5.94692155651658
189,127024504,Clc1cccc(CN2CCN(c3nc4ccccc4nc3Nc3cccnc3)CC2)c1.O=C(O)C(F)(F)F,Active,IC50,1200.0,5.920818753952375
190,9900928,O=C(NC(=S)N1CCNC1=S)c1ccc(Cl)cc1,Active,IC50,1210.0,5.917214629683549
191,127024285,N#Cc1ccc2nc(NC3CC3)c(N3CCN(S(=O)(=O)c4ccc(C(F)(F)F)cc4Cl)CC3)nc2c1.O=C(O)C(F)(F)F,Active,IC50,1300.0,5.886056647693163
192,127024598,N#Cc1ccc2nc(NC3CC3)c(N3CCN(S(=O)(=O)c4cc(C(F)(F)F)ccc4Cl)CC3)nc2c1.O=C(O)C(F)(F)F,Active,IC50,1360.0,5.866461091629782
193,127024297,Fc1ccc(OC2CCN(c3nc4cc(Br)ccc4nc3NC3CC3)CC2)c(F)c1.O=C(O)C(F)(F)F,Active,IC50,1430.0,5.844663962534938
194,127024600,Fc1ccc(F)c(CN2CCN(c3nc4cc(F)c(F)cc4nc3NC3CC3)CC2)c1.O=C(O)C(F)(F)F,Active,IC50,1470.0,5.8326826652518236
195,127024264,N#Cc1cccc2nc(N3CCN(Cc4cc(Cl)ccc4Cl)CC3)c(NC3CC3)nc12.O=C(O)C(F)(F)F,Active,IC50,1490.0,5.826813731587726
196,127024464,Clc1ccccc1OC1CCN(c2nc3cnccc3nc2NC2CC2)CC1.O=C(O)C(F)(F)F,Active,IC50,1510.0,5.821023052706831
197,127024762,C[C@@H](CO)Nc1nc2ccccc2nc1N1CCN(Cc2cc(Cl)ccc2Cl)CC1.O=C(O)C(F)(F)F,Active,IC50,1570.0,5.804100347590767
198,155525744,C[C@H](CO)Nc1nc2ccccc2nc1N1CCN(Cc2cc(Cl)ccc2Cl)CC1.O=C(O)C(F)(F)F,Active,IC50,1570.0,5.804100347590767
199,90038513,CN(C)C(=O)c1cc2nc(NC3CC3)c(N3CCN(C(=O)c4cc(F)ccc4Cl)CC3)nc2cn1,Active,IC50,1572.0,5.803547458296611
200,127024384,Clc1ccc(Cl)c(CN2CCN(c3nc4cccc(Br)c4nc3NC3CC3)CC2)c1.O=C(O)C(F)(F)F,Active,IC50,1640.0,5.785156151952302
201,127024764,Clc1ccc(Cl)c(CN2CCN(c3nc4ccccc4nc3Nc3cccnn3)CC2)c1.O=C(O)C(F)(F)F,Active,IC50,1670.0,5.777283528852417
202,90038865,CC(=O)c1ccc(OC2CCN(c3nc4cnccc4nc3NC3CC3)CC2)cc1.O=C(O)C(F)(F)F,Active,IC50,1740.0,5.7594507517174005
203,90037835,N#Cc1ccc2nc(NC3CC3)c(N3CCN(S(=O)(=O)c4ccccc4Br)CC3)nc2c1,Active,IC50,1850.0,5.732828271596986
204,127024160,COc1ccccc1C(=O)C1CCN(c2nc3cnccc3nc2NC2CC2)CC1.O=C(O)C(F)(F)F,Active,IC50,1920.0,5.71669877129645
205,90038032,N#Cc1ccc(OC2CCN(c3nc4cnccc4nc3NC3CC3)CC2)cc1,Active,IC50,1940.0,5.7121982700697735
206,90039415,COCCCNc1nc2ccccc2nc1N1CCN(Cc2cc(Cl)ccc2Cl)CC1,Active,IC50,1940.0,5.7121982700697735
207,127024391,Clc1ccc(Cl)c(CN2CCN(c3nc4ccccc4nc3NC3CC3)CC2)c1.O=C(O)C(F)(F)F,Active,IC50,2160.0,5.665546248849069
208,127024837,O=C(O)C(F)(F)F.O=C(c1c(F)cccc1F)C1CCN(c2nc3cnccc3nc2NC2CC2)CC1,Active,IC50,2180.0,5.661543506395395
209,90038340,O=C(O)C(F)(F)F.O=C(c1ccsc1)C1CCN(c2nc3cnccc3nc2NC2CC2)CC1,Active,IC50,2290.0,5.6401645176601125
210,127024248,Clc1ccc(Cl)c(CN2CCN(c3nc4ccc(Br)cc4nc3NC3CC3)CC2)c1.O=C(O)C(F)(F)F,Active,IC50,2340.0,5.630784142589857
211,127024763,Clc1ccc(Cl)c(CN2CCN(c3nc4ccccc4nc3Nc3cnccn3)CC2)c1.O=C(O)C(F)(F)F,Active,IC50,2340.0,5.630784142589857
212,9965300,O=C(NC(=S)N1CCNC1=S)c1cccs1,Active,IC50,2375.0,5.624336386039115
213,9879918,O=C(NC(=S)N1CCNC1=S)c1ccc2ccccc2c1,Active,IC50,2390.0,5.621602099051863
214,9836813,O=C(NC(=S)N1CCNC1=S)c1cc2ccccc2s1,Active,IC50,2390.0,5.621602099051863
215,9967985,Cc1onc(-c2ccccc2)c1C(=O)N=C1SSC2=NCCN21,Active,IC50,2460.0,5.609064892896621
216,127024687,N#Cc1cccc(S(=O)(=O)N2CCN(c3nc4cc(C#N)ccc4nc3NC3CC3)CC2)c1.O=C(O)C(F)(F)F,Active,IC50,2540.0,5.5951662833800615
217,10131705,O=C(NC(=S)N1CCNC1=S)c1ccc(C(F)(F)F)cc1,Active,IC50,2610.0,5.583359492661719
218,127024453,O=C(O)C(F)(F)F.O=C(c1ccc(C(F)F)cc1)N1CCN(c2nc3cnccc3nc2NC2CC2)CC1,Active,IC50,2650.0,5.576754126063192
219,127024777,O=C(O)C(F)(F)F.O=C(c1cccnc1Br)C1CCN(c2nc3cnccc3nc2NC2CC2)CC1,Active,IC50,2740.0,5.562249437179612
220,127024706,Cl.O=C(c1cccc(F)c1Cl)C1CCN(c2nc3cnccc3nc2NC2CC2)CC1,Active,IC50,2800.0,5.552841968657781
221,90038583,N#Cc1ccccc1OC1CCN(c2nc3cnccc3nc2NC2CC2)CC1,Active,IC50,2883.0,5.540155357611792
222,155567731,N#Cc1ccccc1OC1CCN(c2nc3cnccc3nc2NC2CC2)CC1.O=C(O)C(F)(F)F,Active,IC50,2883.0,5.540155357611792
223,9835479,O=C(NC(=S)N1CCNC1=S)c1cccc(F)c1,Active,IC50,2905.0,5.536853863273651
224,127024649,Clc1cccc(CN2CCN(c3nc4ccccc4nc3Nc3ccc(Br)cc3)CC2)c1.O=C(O)C(F)(F)F,Active,IC50,3030.0,5.518557371497695
225,127024247,Clc1ccc(Cl)c(CN2CCN(c3nc4ccccc4nc3NCC3CC3)CC2)c1.O=C(O)C(F)(F)F,Active,IC50,3160.0,5.500312917381596
226,90038768,Cc1cc(C(=O)N2CCN(c3nc4ccccc4nc3NC3CC3)CC2)no1,Active,IC50,3210.0,5.493494967595128
227,127024651,Clc1ccc(Cl)c(CN2CCN(c3nc4ccccc4nc3Nc3ccccn3)CC2)c1.O=C(O)C(F)(F)F,Active,IC50,3290.0,5.482804102050025
228,127024820,CC(C)Nc1nc2ccccc2nc1N1CCN(Cc2cc(Cl)ccc2Cl)CC1.O=C(O)C(F)(F)F,Active,IC50,3310.0,5.480172006224281
229,127024196,CC(C)OCCNc1nc2ccccc2nc1N1CCN(Cc2cc(Cl)ccc2Cl)CC1.O=C(O)C(F)(F)F,Active,IC50,3330.0,5.47755576649368
230,127024448,COc1ccc2nc(N3CCN(Cc4cc(Cl)ccc4Cl)CC3)c(NC3CC3)nc2c1.O=C(O)C(F)(F)F,Active,IC50,3360.0,5.4736607226101555
231,127024766,Cc1cccc(CN2CCN(c3nc4ccccc4nc3NC3CC3)CC2)c1C.O=C(O)C(F)(F)F,Active,IC50,3640.0,5.438898616350944
232,9835088,O=C(NC(=S)N1CCNC1=S)c1cccnc1,Active,IC50,3705.0,5.431211787684653
233,9835387,Cc1cccc(C(=O)NC(=S)N2CCNC2=S)c1,Active,IC50,3800.0,5.42021640338319
234,127024824,O=C(O)C(F)(F)F.O=C(c1c(Cl)ccc(F)c1F)C1CCN(c2nc3cnccc3nc2NC2CC2)CC1,Active,IC50,3900.0,5.4089353929735005
235,90038419,c1ccc2nc(N3CCN(Cc4coc5ccccc45)CC3)c(NC3CC3)nc2c1,Active,IC50,3960.0,5.402304814074488
236,127024821,CC(C)CCNc1nc2ccccc2nc1N1CCN(Cc2cc(Cl)ccc2Cl)CC1.O=C(O)C(F)(F)F,Active,IC50,3980.0,5.400116927926312
237,127024241,Clc1ccc(Cl)c(CN2CCN(c3nc4ccccc4nc3NC3CCOCC3)CC2)c1.O=C(O)C(F)(F)F,Active,IC50,4070.0,5.39040559077478
238,9878298,O=C(NC(=S)N1CCNC1=S)c1ccno1,Active,IC50,4130.0,5.384049948343598
239,127024547,N#Cc1ccc2nc(NC3CC3)c(N3CCN(S(=O)(=O)c4ccc(OC(F)(F)F)cc4)CC3)nc2c1.O=C(O)C(F)(F)F,Active,IC50,4290.0,5.367542707815275
240,127024265,N#Cc1ccc2nc(NC3CC3)c(N3CCN(S(=O)(=O)c4ccccc4C#N)CC3)nc2c1.O=C(O)C(F)(F)F,Active,IC50,4340.0,5.362510270487489
241,127024348,Fc1ccc(F)c(CN2CCN(c3nc4ccccc4nc3NC3CC3)CC2)c1.O=C(O)C(F)(F)F,Active,IC50,4580.0,5.339134521996131
242,127024419,N#Cc1ccc2nc(NC3CC3)c(N3CCN(S(=O)(=O)c4ccccc4F)CC3)nc2c1.O=C(O)C(F)(F)F,Active,IC50,4590.0,5.338187314462739
243,90038375,O=S(=O)(c1ccccc1)N1CCN(c2nc3ccccc3nc2Nc2cccnc2)CC1,Active,IC50,4630.0,5.334419008982047
244,90038235,Cc1ccc(S(=O)(=O)N2CCN(c3nc4cc(C#N)ccc4nc3NC3CC3)CC2)cc1,Active,IC50,4740.0,5.324221658325914
245,127024393,O=C(O)C(F)(F)F.O=C(c1ccc(F)c(Br)c1)N1CCN(c2nc3ccccc3nc2NC2CC2)CC1,Active,IC50,4780.0,5.320572103387882
246,127024126,Cl.O=C(c1csc(Cl)c1)C1CCN(c2nc3cnccc3nc2NC2CC2)CC1,Active,IC50,4810.0,5.317854923626168
247,127024219,Clc1ccc(Cl)c(CN2CCN(c3nc4cc(Br)ccc4nc3NC3CC3)CC2)c1.O=C(O)C(F)(F)F,Active,IC50,4820.0,5.31695296176115
248,90038404,O=C(c1c(F)cccc1Cl)C1CCN(c2nc3cnccc3nc2NC2CC2)CC1,Active,IC50,4900.0,5.309803919971486
249,118308635,Cc1cc(C)c2nc(N3CCN(Cc4cc(Cl)ccc4Cl)CC3)c(NC3CC3)nc2c1,Active,IC50,5310.0,5.274905478918531
250,90039926,N#Cc1ccc(Nc2nc3ccccc3nc2N2CCN(Cc3cc(Cl)ccc3Cl)CC2)cc1,Active,IC50,5530.0,5.257274868695301
251,90037349,N#Cc1ccc2nc(NC3CC3)c(N3CCN(S(=O)(=O)c4cccc(Cl)c4)CC3)nc2c1,Active,IC50,5620.0,5.250263684430939
252,90037553,O=S(=O)(c1ccccc1)N1CCN(c2nc3ccccc3nc2NC2CC2)CC1,Active,IC50,5660.0,5.247183568811728
253,127024461,Fc1ccc(Nc2nc3ccccc3nc2N2CCN(Cc3cccc(Cl)c3)CC2)cc1.O=C(O)C(F)(F)F,Active,IC50,5730.0,5.24184537803261
254,127024732,Cc1ccccc1C(=O)C1CCN(c2nc3cnccc3nc2NC2CC2)CC1.O=C(O)C(F)(F)F,Active,IC50,5780.0,5.2380721615794705
255,127024198,Clc1cc(CN2CCN(c3nc4ccccc4nc3NC3CC3)CC2)c(Cl)s1.O=C(O)C(F)(F)F,Active,IC50,6030.0,5.219682687859849
256,127024819,CC(C)CNc1nc2ccccc2nc1N1CCN(Cc2cc(Cl)ccc2Cl)CC1.O=C(O)C(F)(F)F,Active,IC50,6030.0,5.219682687859849
257,127024551,CC(O)c1ccc(OC2CCN(c3nc4cnccc4nc3NC3CC3)CC2)cc1.O=C(O)C(F)(F)F,Active,IC50,6040.0,5.218963061378869
258,127024390,COc1ccc(Nc2nc3ccccc3nc2N2CCN(Cc3cccc(Cl)c3)CC2)cc1.O=C(O)C(F)(F)F,Active,IC50,6140.0,5.211831628858832
259,127024462,O=C(O)C(F)(F)F.O=C(c1cc(Cl)ccc1Cl)N1CCN(c2nc3ccccc3nc2NC2CCCC2)CC1,Active,IC50,6150.0,5.211124884224583
260,118159182,CO[C@H](C)C(=O)N1CCc2nc(NCC(F)F)c(N3CCC(Oc4ccc(F)cc4F)CC3)nc2C1,Active,IC50,6600.0,5.180456064458131
261,127024203,O=C(O)C(F)(F)F.O=C(c1cc(Cl)ccc1Cl)N1CCN(c2nc3ccccc3nc2NC2CC2)CC1,Active,IC50,6640.0,5.1778319206319825
262,127024825,O=C(O)C(F)(F)F.O=C(c1cccs1)C1CCN(c2nc3cnccc3nc2NC2CC2)CC1,Active,IC50,6750.0,5.170696227168975
263,90038923,N#Cc1cccc(C(=O)C2CCN(c3nc4cnccc4nc3NC3CC3)CC2)c1,Active,IC50,7210.0,5.142064735280571
264,127024128,N#Cc1cccc(C(=O)C2CCN(c3nc4cnccc4nc3NC3CC3)CC2)c1.O=C(O)C(F)(F)F,Active,IC50,7210.0,5.142064735280571
265,127024392,COc1ccc(Br)c(C(=O)N2CCN(c3nc4ccccc4nc3NC3CC3)CC2)c1.O=C(O)C(F)(F)F,Active,IC50,7550.0,5.1220530483708115
266,127024650,Clc1cccc(CN2CCN(c3nc4cccnc4nc3Nc3ccccc3)CC2)c1.O=C(O)C(F)(F)F,Active,IC50,7670.0,5.115204636051018
267,118159176,CO[C@@H](C)C(=O)N1CCc2nc(NCC(F)F)c(N3CCC(Oc4ccc(F)cc4F)CC3)nc2C1,Active,IC50,8300.0,5.080921907623926
268,127024836,O=C(O)C(F)(F)F.O=C(c1ccc(F)c(F)c1)C1CCN(c2nc3cnccc3nc2NC2CC2)CC1,Active,IC50,8390.0,5.076238039171299
269,118159272,CC(=O)N1CCc2nc(NC(C)C)c(N3CCC(C(F)c4ccc(F)cc4F)CC3)nc2C1,Active,IC50,8500.0,5.070581074285707
270,118159276,CC(C)Nc1nc2c(nc1N1CCC(C(=O)c3cc(Cl)ccc3F)CC1)CN(C)CC2,Active,IC50,8800.0,5.055517327849831
271,118159362,CN(C)C(=O)N1CCc2nc(NCC(F)F)c(N3CCC(Oc4ccc(F)cc4F)CC3)nc2C1,Active,IC50,9100.0,5.040958607678906
272,118159174,CN1CCc2nc(NC3CC3)c(N3CCC(C(F)c4ccc(F)cc4F)CC3)nc2C1,Active,IC50,9400.0,5.026872146400301
273,90038663,O=S(=O)(c1ccccc1)N1CCN(c2nc3cc(F)ccc3nc2NC2CC2)CC1,Active,IC50,9440.0,5.025028005701931
274,118159151,CC(=O)N1CCc2nc(NC(C)C)c(N3CCC(C(=O)c4cc(Cl)ccc4F)CC3)nc2C1,Active,IC50,9800.0,5.008773924307505
275,118159250,CC(C)Nc1nc2c(nc1N1CCC(Oc3ccc(F)cc3F)CC1)CCN(C(=O)N(C)C)C2,Inactive,IC50,10400.0,4.982966660701219
276,118159264,CC1Cc2nc(NCC(F)F)c(N3CCC(Oc4ccc(F)cc4F)CC3)nc2CN1S(C)(=O)=O,Inactive,IC50,10400.0,4.982966660701219
277,118159387,CC(C)Nc1nc2c(nc1N1CCC([C@H](F)c3ccc(F)cc3F)CC1)CCN(C=O)C2,Inactive,IC50,11400.0,4.943095148663527
278,118159394,CC(=O)N1CCc2nc(NCC(F)F)c(N3CCC(Oc4ccc(F)cc4F)CC3)nc2C1,Inactive,IC50,11500.0,4.939302159646388
279,118159402,COc1ccc(OC2CCN(c3nc4c(nc3NC3CCC3)CCN(C(C)=O)C4)CC2)c(F)c1,Inactive,IC50,12000.0,4.920818753952375
280,118159216,CC(=O)N1CCc2nc(N3CCC(C(F)c4ccc(F)cc4F)CC3)c(NC(C)C)nc2C1,Inactive,IC50,13400.0,4.872895201635193
281,118159326,CC(C)Nc1nc2c(nc1N1CCC(C(=O)c3cc(Cl)ccc3F)CC1)CCN(C)C2,Inactive,IC50,13700.0,4.863279432843593
282,118857198,CC(C)Nc1nc2c(nc1N1CCC(Oc3cc(Cl)ccc3F)CC1)CCN(C)C2,Inactive,IC50,13700.0,4.863279432843593
283,131972585,CC(=O)N1CCc2nc(N3CCC(Oc4cc(Cl)ccc4F)CC3)c(NC(C)C)nc2C1,Inactive,IC50,13800.0,4.860120913598763
284,118159332,CC(C)Nc1nc2c(nc1N1CCC(Oc3ccc(F)cc3F)CC1)CN(C(=O)N(C)C)CC2,Inactive,IC50,13800.0,4.860120913598763
285,118159378,COc1ccc(OC2CCN(c3nc4c(nc3NC3CCC3)CCN(C(=O)N(C)C)C4)CC2)c(F)c1,Inactive,IC50,13800.0,4.860120913598763
286,118159221,COCCNC(=O)N1CCc2nc(NC(C)C)c(N3CCC(Oc4ccc(F)cc4F)CC3)nc2C1,Inactive,IC50,14900.0,4.826813731587726
287,118159243,CN1CCc2nc(NC3CC3)c(N3CCC([C@H](F)c4ccc(F)cc4F)CC3)nc2C1,Inactive,IC50,15200.0,4.818156412055227
288,118159196,COc1ccc(OC2CCN(c3nc4c(nc3NC(C)C)CCN(C(=O)N(C)C)C4)CC2)c(F)c1,Inactive,IC50,16600.0,4.779891911959945
289,118159339,COC(C)C(=O)N1CCc2nc(N3CCC(Oc4ccc(F)cc4F)CC3)c(NC(C)C)nc2C1,Inactive,IC50,16800.0,4.774690718274137
290,118159372,CC(C)Nc1nc2c(nc1N1CCC(C(F)c3ccc(F)cc3F)CC1)CN(C)CC2,Inactive,IC50,17100.0,4.767003889607846
291,118159392,COCC(=O)N1CCc2nc(NC(C)C)c(N3CCC(Oc4ccc(F)cc4F)CC3)nc2C1,Inactive,IC50,17300.0,4.761953896871205
292,118159231,CC(C)Nc1nc2c(nc1N1CCC(Oc3ccc(F)cc3F)CC1)CCN(C(=O)C1CCCO1)C2,Inactive,IC50,17900.0,4.747146969020107
293,118159337,CC(C)Nc1nc2c(nc1N1CCC(Oc3ccc(F)cc3F)CC1)CN(C(=O)CC#N)CC2,Inactive,IC50,18000.0,4.7447274948966935
294,118159308,CO[C@H](C)C(=O)N1Cc2nc(N3CCC(Oc4ccc(F)cc4F)CC3)c(NCC(F)F)nc2CC1C,Inactive,IC50,18500.0,4.732828271596986
295,118159203,CC(C)Nc1nc2c(nc1N1CCC(Oc3ccc(F)cc3F)CC1)CN(C(=O)C1CCCO1)CC2,Inactive,IC50,19500.0,4.709965388637482
296,118159153,CC(C)Nc1nc2c(nc1N1CCC(C(F)c3ccc(F)cc3F)CC1)CCN(C(=O)N(C)C)C2,Inactive,IC50,19700.0,4.705533773838407
297,118159377,COc1ccc(OC2CCN(c3nc4c(nc3NC3CCC3)CN(C(C)=O)CC4)CC2)c(F)c1,Inactive,IC50,19900.0,4.701146923590294
298,118159270,CO[C@@H](C)C(=O)N1Cc2nc(N3CCC(Oc4ccc(F)cc4F)CC3)c(NCC(F)F)nc2CC1C,Inactive,IC50,20900.0,4.679853713888946
299,118159241,CC1Cc2nc(NCC(F)F)c(N3CCC(Oc4ccc(F)cc4F)CC3)nc2CN1C(=O)C(F)F,Inactive,IC50,22100.0,4.655607726314889
300,118159295,COCC(=O)N1Cc2nc(N3CCC(Oc4ccc(F)cc4F)CC3)c(NCC(F)F)nc2CC1C,Inactive,IC50,23000.0,4.638272163982407
301,118159391,CC1Cc2nc(NCC(F)F)c(N3CCC(Oc4ccc(F)cc4F)CC3)nc2CN1C,Inactive,IC50,23200.0,4.634512015109101
302,118159126,CC(C)Nc1nc2c(nc1N1CCC([C@@H](F)c3ccc(F)cc3F)CC1)CCN(C=O)C2,Inactive,IC50,23600.0,4.627087997029894
303,118159294,CC(C)Nc1nc2c(nc1N1CCC(C(F)c3ccc(F)cc3F)CC1)CN(C(=O)N(C)C)CC2,Inactive,IC50,23700.0,4.6252516539898965
304,118159159,CC1Cc2nc(NCC(F)F)c(N3CCC(Oc4ccc(F)cc4F)CC3)nc2CN1C(=O)C1CC1,Inactive,IC50,23900.0,4.621602099051862
305,91810771,CC(=O)N1CCc2nc(N3CCC(Oc4ccc(F)cc4F)CC3)c(NC(C)C)nc2C1,Inactive,IC50,24033.33,4.619186050235256
306,118159180,CC(C)Nc1nc2c(nc1N1CCC(C(=O)c3cc(Cl)ccc3F)CC1)CN(C(=O)N(C)C)CC2,Inactive,IC50,24900.0,4.603800652904264
307,118159131,CC(=O)N1Cc2nc(N3CCC(Oc4ccc(F)cc4F)CC3)c(NCC(F)F)nc2CC1C,Inactive,IC50,24900.0,4.603800652904264
308,118159251,CN1CCc2nc(NC3CC3)c(N3CCC([C@@H](F)c4ccc(F)cc4F)CC3)nc2C1,Inactive,IC50,26500.0,4.576754126063192
309,118159341,COc1ccc(OC2CCN(c3nc4c(nc3NC(C)C)CCN(C)C4)CC2)c(F)c1,Inactive,IC50,26600.0,4.575118363368933
310,118159322,CN(C)C(=O)N1CCc2nc(N3CCC(Oc4ccc(F)cc4F)CC3)c(NCC(F)F)nc2C1,Inactive,IC50,26900.0,4.570247719997592
311,118159375,CC(=O)N1CCc2nc(N3CCN(Cc4ccc(F)cc4F)CC3)c(NC(C)C)nc2C1,Inactive,IC50,27000.0,4.568636235841013
312,118159327,CC(=O)N1CCc2nc(N3CCC([C@H](F)c4ccc(F)cc4F)CC3)c(NC(C)C)nc2C1,Inactive,IC50,27400.0,4.562249437179612
313,118159148,CCC(=O)N1CCc2nc(N3CCC(Oc4ccc(F)cc4F)CC3)c(NC(C)C)nc2C1,Inactive,IC50,27600.0,4.559090917934783
314,118159178,CC(C)Nc1nc2c(nc1N1CCN(Cc3ccc(F)cc3F)CC1)CCN(S(C)(=O)=O)C2,Inactive,IC50,27900.0,4.554395796726403
315,118159229,CC(C)Nc1nc2c(nc1N1CCN(Cc3ccc(F)cc3F)CC1)CCN(C(=O)C(C)C)C2,Inactive,IC50,29000.0,4.5376020021010435
316,118159334,COCCNC(=O)N1CCc2nc(N3CCC(Oc4ccc(F)cc4F)CC3)c(NC(C)C)nc2C1,Inactive,IC50,29800.0,4.525783735923745
317,118159344,CC(C)Nc1nc2c(nc1N1CCC(C(F)c3ccc(F)cc3F)CC1)CCN(C)C2,Inactive,IC50,30300.0,4.518557371497695
318,118159125,CCC(=O)N1CCc2nc(N3CCN(Cc4ccc(F)cc4F)CC3)c(NC(C)C)nc2C1,Inactive,IC50,30900.0,4.510041520575165
319,118159260,CC1Cc2nc(NCC(F)F)c(N3CCC(Oc4ccc(F)cc4F)CC3)nc2CN1C(=O)N(C)C,Inactive,IC50,31400.0,4.503070351926785
320,118159324,COc1ccc(OC2CCN(c3nc4c(nc3NC3CCC3)CN(C(=O)N(C)C)CC4)CC2)c(F)c1,Inactive,IC50,32500.0,4.488116639021126
321,118159213,CC(C)Nc1nc2c(nc1N1CCC(C(=O)c3cc(Cl)ccc3F)CC1)CCN(C(=O)N(C)C)C2,Inactive,IC50,32700.0,4.485452247339714
322,118857197,CC(C)Nc1nc2c(nc1N1CCC(Oc3cc(Cl)ccc3F)CC1)CCN(C(=O)N(C)C)C2,Inactive,IC50,32700.0,4.485452247339714
323,118159393,COc1ccc(OC2CCN(c3nc4c(nc3NC(C)C)CN(C(=O)N(C)C)CC4)CC2)c(F)c1,Inactive,IC50,35000.0,4.455931955649724
324,118159309,CC(=O)N1CCc2nc(N3CCC(Oc4ccc(F)cc4F)CC3)c(NC3CC(F)(F)C3)nc2C1,Inactive,IC50,35900.0,4.444905551421681
325,118159318,CC(=O)N1CCc2nc(N3CCC([C@@H](F)c4ccc(F)cc4F)CC3)c(NC(C)C)nc2C1,Inactive,IC50,37800.0,4.422508200162775
326,118159320,CC(C)Nc1nc2c(nc1N1CCC(Oc3ccc(F)cc3F)CC1)CCN(C(=O)c1ccno1)C2,Inactive,IC50,38700.0,4.412289034981089
327,118159189,CCC(=O)N1CCc2nc(N3CCC(Oc4ccc(F)cc4F)CC3)c(N[C@H]3CCOC3)nc2C1,Inactive,IC50,39200.0,4.406713932979542
328,118159313,CC(C)Nc1nc2c(nc1N1CCC(Oc3ccc(F)cc3F)CC1)CN(C=O)CC2,Inactive,IC50,43200.0,4.364516253185088
329,118159165,CC(=O)N1CCc2nc(N3CCN(Cc4ccc(F)cc4F)CC3)c(NC3CCC3)nc2C1,Inactive,IC50,43700.0,4.359518563029578
330,118159205,CS(=O)(=O)N1CCc2nc(N3CCC(Oc4ccc(F)cc4F)CC3)c(NC3CCC3)nc2C1,Inactive,IC50,49300.0,4.30715308072277
331,118159289,CC(=O)N1CCc2nc(N3CCC(Oc4ccc(F)cc4F)CC3)c(NCC(F)F)nc2C1,Inactive,IC50,49700.0,4.303643611266668
332,118159342,CC1c2nc(N3CCC(Oc4ccc(F)cc4F)CC3)c(NCC(F)F)nc2CCN1S(C)(=O)=O,Inactive,IC50,52000.0,4.2839966563652006
333,118159161,CC(=O)N1CCc2nc(N3CCC(Oc4ccc(F)cc4F)CC3)c(NC3CCC3)nc2C1,Inactive,IC50,55000.0,4.259637310505756
334,118159267,CC(C)Nc1nc2c(nc1N1CCC(Oc3ccc(F)cc3F)CC1)CCN(C(=O)CC#N)C2,Inactive,IC50,55200.0,4.2580609222708015
335,118180378,CS(=O)(=O)N1CCc2nc(N3CCC(Oc4ccc(F)cc4F)CC3)c(NCC(F)F)nc2C1,Inactive,IC50,57200.0,4.242603971206976
336,118159164,CC(=O)N1CCc2nc(N3CCC(Oc4ccc(F)cc4F)CC3)c(N[C@H]3CCOC3)nc2C1,Inactive,IC50,58700.0,4.231361898752385
337,118159364,CCC(=O)N1CCc2nc(N3CCN(Cc4ccc(F)cc4F)CC3)c(N[C@H]3CCOC3)nc2C1,Inactive,IC50,59100.0,4.228412519118745
338,118159355,CC(C)Nc1nc2c(nc1N1CCC(Oc3ccc(F)cc3F)CC1)CCN(S(C)(=O)=O)C2C,Inactive,IC50,59300.0,4.226945306635737
339,118159352,CC(C)Nc1nc2c(nc1N1CCC(Oc3ccc(F)cc3F)CC1)CN(C)CC2,Inactive,IC50,59500.0,4.22548303427145
340,118159255,CC(C)Nc1nc2c(nc1N1CCC(Oc3ccc(F)cc3F)CC1)CCN(S(C)(=O)=O)C2,Inactive,IC50,61800.0,4.209011524911184
341,118159206,CC[C@H](C)Nc1nc2c(nc1N1CCC(Oc3ccc(F)cc3F)CC1)CCN(C(C)=O)C2,Inactive,IC50,62000.0,4.2076083105017466
342,118159169,COc1ccc(OC2CCN(c3nc4c(nc3NC(C)C)CCN(C(C)=O)C4)CC2)c(F)c1,Inactive,IC50,62500.0,4.204119982655925
343,118857196,COc1ccc(OC2CCN(c3nc4c(nc3NC(C)C)CCN(C(C)=O)C4C)CC2)c(F)c1,Inactive,IC50,62500.0,4.204119982655925
344,118159248,CC(C)Nc1nc2c(nc1N1CCC(Oc3ccc(F)cc3F)CC1)CCN(C(=O)N1CCOCC1)C2,Inactive,IC50,62600.0,4.20342566678957
345,118159217,CC(=O)N1CCc2nc(N3CCN(Cc4ccc(F)cc4F)CC3)c(N[C@@H]3CCOC3)nc2C1,Inactive,IC50,63200.0,4.199282921717615
346,118159340,CO[C@H](C)C(=O)N1CCc2nc(N3CCC(Oc4ccc(F)cc4F)CC3)c(NCC(F)F)nc2C1,Inactive,IC50,64000.0,4.1938200260161125
347,118159227,COCC(=O)N1CCc2nc(NCC(F)F)c(N3CCC(Oc4ccc(F)cc4F)CC3)nc2C1C,Inactive,IC50,68000.0,4.167491087293763
348,118159173,CC(C)Nc1nc2c(nc1N1CCC(Oc3ccc(F)cc3F)CC1)CN(CCF)CC2,Inactive,IC50,69200.0,4.1598939055432425
349,118159301,CC(=O)N1CCc2nc(N3CCC(Oc4ccc(F)cc4F)CC3)c(NC3CC(O)C3)nc2C1,Inactive,IC50,69750.0,4.156455788054365
350,118159376,COCC(=O)N1CCc2nc(N3CCC(Oc4ccc(F)cc4F)CC3)c(NC(C)C)nc2C1,Inactive,IC50,71500.0,4.145693958198919
351,118159253,CC(=O)N1CCc2nc(N3CCC(Oc4ccc(F)cc4F)CC3)c(NC(C)C)nc2C1C,Inactive,IC50,73200.0,4.135488918941608
352,118159235,CC(=O)N1CCc2nc(NC(C)C)c(N3CCC(Oc4ccc(F)cc4F)CC3)nc2C1,Inactive,IC50,73700.0,4.132532512140949
353,118159385,COc1ccc(OC2CCN(c3nc4c(nc3NC(C)C)CN(C(C)=O)CC4)CC2)c(F)c1,Inactive,IC50,74100.0,4.130181792020672
354,118159314,CC(C)Nc1nc2c(nc1N1CCC(Oc3ccc(F)cc3F)CC1)CCN(CCF)C2,Inactive,IC50,74800.0,4.126098402135539
355,118159172,CC(=O)N1CCc2nc(NCC(F)F)c(N3CCC(Oc4ccc(F)cc4F)CC3)nc2C1C,Inactive,IC50,76000.0,4.119186407719209
356,118159140,CC(C)Nc1nc2c(nc1N1CCC(Oc3ccc(F)cc3F)CC1)CCN(C(=O)[C@@H]1CCCN1C)C2,Inactive,IC50,78100.0,4.1073489661227
357,118159293,O=C(C(F)F)N1CCc2nc(N3CCC(Oc4ccc(F)cc4F)CC3)c(NCC(F)F)nc2C1,Inactive,IC50,78800.0,4.103473782510445
358,118159408,COCC(=O)N1CCc2nc(NCC(F)F)c(N3CCC(Oc4ccc(F)cc4F)CC3)nc2C1,Inactive,IC50,79500.0,4.0996328713435295
359,118159310,CC1c2nc(NCC(F)F)c(N3CCC(Oc4ccc(F)cc4F)CC3)nc2CCN1C(=O)C1CC1,Inactive,IC50,85000.0,4.070581074285707
360,118159242,CC(=O)N1CCc2nc(N3CCC(Oc4ccc(C#N)cc4F)CC3)c(NC(C)C)nc2C1,Inactive,IC50,86600.0,4.062482107982653
361,118159299,CC1c2nc(NCC(F)F)c(N3CCC(Oc4ccc(F)cc4F)CC3)nc2CCN1S(C)(=O)=O,Inactive,IC50,87000.0,4.060480747381382
362,118159163,CC(=O)N1CCc2nc(NC(C)C)c(N3CCC(Oc4ccc(F)cc4F)CC3)nc2C1C,Inactive,IC50,88000.0,4.055517327849832
363,118159398,CC(C)Nc1nc2c(nc1N1CCC(Oc3ccc(F)cc3F)CC1)CCN(C)C2,Inactive,IC50,90100.0,4.045275209020937
364,118159181,COCC(=O)N1CCc2nc(NC(C)C)c(N3CCC(Oc4ccc(F)cc4F)CC3)nc2C1C,Inactive,IC50,91000.0,4.040958607678906
365,118159122,CC1c2nc(N3CCC(Oc4ccc(F)cc4F)CC3)c(NCC(F)F)nc2CCN1C(=O)N(C)C,Inactive,IC50,93500.0,4.029188389127482
366,118159325,CC(C)Nc1nc2c(nc1N1CCC(Oc3ccc(F)cc3F)CC1)CCN(C(=O)C(F)F)C2C,Inactive,IC50,95000.0,4.022276394711152
367,118159315,CC(C)Nc1nc2c(nc1N1CCC(Oc3ccc(F)cc3F)CC1)CN(S(C)(=O)=O)CC2,Inactive,IC50,95600.0,4.0195421077238995
368,118159198,CC(=O)N1CCc2nc(N3CCN(Cc4ccc(F)cc4F)CC3)c(N[C@H]3CCOC3)nc2C1,Inactive,IC50,97800.0,4.009661145212399
369,118159345,CC(C)Nc1nc2c(nc1N1CCC(Oc3ccc(F)cc3F)CC1)C(C)N(S(C)(=O)=O)CC2,Inactive,IC50,98000.0,4.008773924307505
370,118159386,CC(=O)N1CCc2nc(NC(C)C)c(N3CCC(Oc4ccc(C#N)cc4F)CC3)nc2C1,Inactive,IC50,105000.0,3.9788107009300617
371,118180379,CC(=O)N1CCc2nc(N3CCC(Oc4ccc(F)cc4F)CC3)c(N[C@@H](C)CCO)nc2C1,Inactive,IC50,107100.0,3.9702105291681447
372,118159383,CC(C)Nc1nc2c(nc1N1CCC(Oc3ccc(F)cc3F)CC1)CCN(C(=O)N(C)C)C2C,Inactive,IC50,109600.0,3.9601894458516496
373,118159287,O=C(C(F)F)N1CCc2nc(NCC(F)F)c(N3CCC(Oc4ccc(F)cc4F)CC3)nc2C1,Inactive,IC50,110600.0,3.956244873031321
374,118159237,CO[C@@H](C)C(=O)N1CCc2nc(N3CCC(Oc4ccc(F)cc4F)CC3)c(NCC(F)F)nc2C1,Inactive,IC50,111000.0,3.9546770212133424
375,118180375,CC(C)Nc1nc2c(nc1N1CCC(Oc3ccc(F)cc3F)CC1)C(C)N(C(=O)C(F)F)CC2,Inactive,IC50,115500.0,3.9374180157718373
376,118159238,CC(=O)N1CCc2nc(N3CCN(Cc4ccc(F)cc4F)CC3)c(NC3CC(O)C3)nc2C1,Inactive,IC50,122000.0,3.9136401693252516
377,118159302,CC(C)Nc1nc2c(nc1N1CCC(Oc3ccc(C#N)cc3F)CC1)CN(C(=O)C1CC1)CC2,Inactive,IC50,122000.0,3.9136401693252516
378,118159338,CC1c2nc(N3CCC(Oc4ccc(F)cc4F)CC3)c(NCC(F)F)nc2CCN1C(=O)C1CC1,Inactive,IC50,126000.0,3.8996294548824375
379,118159269,CC(C)Nc1nc2c(nc1N1CCC(Oc3ccc(F)cc3F)CC1)CCN(C(=O)C(F)F)C2,Inactive,IC50,129200.0,3.8887374863409345
380,118159177,COC(=O)N1CCc2nc(N3CCC(Oc4ccc(F)cc4F)CC3)c(NC(C)C)nc2C1,Inactive,IC50,129500.0,3.8877302315827293
381,118159218,COC(=O)N1CCc2nc(NC(C)C)c(N3CCC(Oc4ccc(F)cc4F)CC3)nc2C1,Inactive,IC50,131700.0,3.8804142250382165
382,118159150,COc1ccc(OC2CCN(c3nc4c(nc3NC(C)C)CN(C)CC4)CC2)c(F)c1,Inactive,IC50,140200.0,3.8532519863693597
383,118159306,COc1ccc(OC2CCN(c3nc4c(nc3NC3CC3)CCN(C)C4)CC2)c(F)c1,Inactive,IC50,145000.0,3.8386319977650247
384,118159371,CC(C)Nc1nc2c(nc1N1CCC(Oc3ccc(F)cc3F)CC1)CCN(S(=O)(=O)C(C)C)C2,Inactive,IC50,149000.0,3.826813731587726
385,118159305,CS(=O)(=O)N1CCc2nc(NCC(F)F)c(N3CCC(Oc4ccc(F)cc4F)CC3)nc2C1,Inactive,IC50,163000.0,3.787812395596042
386,118159119,CC(=O)N1CCc2nc(N3CCC(Oc4ccc(F)cc4F)CC3)c(NCC(F)F)nc2C1C,Inactive,IC50,178000.0,3.7495799976911064
387,118159380,CC(C)Nc1nc2c(nc1N1CCC(Oc3ccc(F)cc3F)CC1)C(C)N(C(=O)N(C)C)CC2,Inactive,IC50,179400.0,3.746177561291927
388,118159145,CC(=O)N1CCc2nc(N3CCN(Cc4ccc(F)cc4F)CC3)c(NC3CC(F)C3)nc2C1,Inactive,IC50,185900.0,3.7307206102281016
389,118159373,CC(=O)N1CCc2nc(NC(C)C)c(N3CCC(S(=O)(=O)c4ccc(F)cc4)CC3)nc2C1,Inactive,IC50,187700.0,3.7265357273786535
390,118159363,CC1c2nc(N3CCC(Oc4ccc(F)cc4F)CC3)c(NCC(F)F)nc2CCN1C(=O)C(F)F,Inactive,IC50,193300.0,3.7137681459714473
391,118159142,CC(C)Nc1nc2c(nc1N1CCC(Oc3ccc(F)cc3F)CC1)CN(CC(F)F)CC2,Inactive,IC50,199700.0,3.699621935129297
392,118159234,COc1ccc(S(=O)(=O)C2CCN(c3nc4c(nc3NC(C)C)CCN(C(C)=O)C4)CC2)c(F)c1,Inactive,IC50,200200.0,3.6985359268567004
393,118159333,COCC(=O)N1CCc2nc(N3CCC(Oc4ccc(F)cc4F)CC3)c(NCC(F)F)nc2C1C,Inactive,IC50,208000.0,3.681936665037238
394,118159331,CC(C)Nc1nc2c(nc1N1CCC(Oc3ccc(F)cc3F)CC1)CN(C(=O)C1CC1)CC2,Inactive,IC50,210600.0,3.6765416331505323
395,118159298,CC1c2nc(NCC(F)F)c(N3CCC(Oc4ccc(F)cc4F)CC3)nc2CCN1C(=O)C(F)F,Inactive,IC50,212200.0,3.673254620434678
396,118159193,CC(=O)OC1CC(Nc2nc3c(nc2N2CCN(Cc4ccc(F)cc4F)CC2)CCN(C(C)=O)C3)C1,Inactive,IC50,219800.0,3.657972311912528
397,118159336,CC(=O)N1CCc2nc(NC(C)C)c(N3CCC(S(=O)(=O)c4ccccc4F)CC3)nc2C1,Inactive,IC50,247000.0,3.607303046740334
398,118159384,CC(=O)N1CCc2nc(NC(C)C)c(N3CCC(S(=O)(=O)c4cccc(F)c4)CC3)nc2C1,Inactive,IC50,249800.0,3.602407565961883
399,118159258,CC(C)Nc1nc2c(nc1N1CCC(Oc3ccc(F)cc3F)CC1)C(C)N(C(=O)C1CC1)CC2,Inactive,IC50,259000.0,3.586700235918748
400,118159199,CC[C@@H](C)Nc1nc2c(nc1N1CCC(Oc3ccc(F)cc3F)CC1)CCN(C(C)=O)C2,Inactive,IC50,319300.0,3.495801081460555
401,118159281,CC(C)Nc1nc2c(nc1N1CCC(Oc3ccc(F)cc3F)CC1)CCN(C(=O)C1CC1)C2,Inactive,IC50,340200.0,3.4682656907234497
402,118159155,COc1cccc(S(=O)(=O)C2CCN(c3nc4c(nc3NC(C)C)CCN(C(C)=O)C4)CC2)c1,Inactive,IC50,341500.0,3.466609291982449
403,118159118,CC(=O)N1CCc2nc(N3CCN(Cc4ccc(C#N)cc4F)CC3)c(NC(C)C)nc2C1,Inactive,IC50,362900.0,3.440213031799444
404,118159228,CC(C)Nc1nc2c(nc1N1CCC(Oc3ccc(F)cc3F)CC1)CCN(C(=O)N1CCCC1)C2,Inactive,IC50,391000.0,3.407823242604133
405,118159128,CC(=O)OC1CC(Nc2nc3c(nc2N2CCC(Oc4ccc(F)cc4F)CC2)CCN(C(C)=O)C3)C1,Inactive,IC50,603900.0,3.219034970391683
